begdate,enddate,pressconf,scheduled,document,url
3/18/1936,3/18/1936,0,1,Historical Minutes (400 KB PDF),/monetarypolicy/files/FOMChistmin19360318.pdf
3/19/1936,3/19/1936,0,1,Record of Policy Actions (271 KB PDF),/monetarypolicy/files/fomcropa19360319.pdf
5/25/1936,5/25/1936,0,1,Record of Policy Actions (143 KB PDF),/monetarypolicy/files/fomcropa19360525.pdf
11/19/1936,11/19/1936,0,1,Historical Minutes (176 KB PDF),/monetarypolicy/files/FOMChistmin19361119.pdf
11/20/1936,11/20/1936,0,1,Record of Policy Actions (198 KB PDF),/monetarypolicy/files/fomcropa19361120.pdf
1/26/1937,1/26/1937,0,1,Record of Policy Actions (272 KB PDF),/monetarypolicy/files/fomcropa19370126.pdf
3/15/1937,3/15/1937,0,1,Record of Policy Actions (301 KB PDF),/monetarypolicy/files/fomcropa19370315.pdf
4/3/1937,4/4/1937,0,1,Record of Policy Actions (284 KB PDF),/monetarypolicy/files/fomcropa19370404.pdf
5/4/1937,5/5/1937,0,1,Record of Policy Actions (145 KB PDF),/monetarypolicy/files/fomcropa19370505.pdf
6/9/1937,6/9/1937,0,1,Record of Policy Actions (145 KB PDF),/monetarypolicy/files/fomcropa19370609.pdf
9/11/1937,9/12/1937,0,1,Record of Policy Actions (282 KB PDF),/monetarypolicy/files/fomcropa19370912.pdf
11/29/1937,12/1/1937,0,1,Record of Policy Actions (218 KB PDF),/monetarypolicy/files/fomcropa19371201.pdf
2/28/1938,3/1/1938,0,1,Record of Policy Actions (147 KB PDF),/monetarypolicy/files/fomcropa19380301.pdf
4/21/1938,4/22/1938,0,1,Record of Policy Actions (283 KB PDF),/monetarypolicy/files/fomcropa19380422.pdf
4/29/1938,4/29/1938,0,1,Record of Policy Actions (297 KB PDF),/monetarypolicy/files/fomcropa19380429.pdf
8/2/1938,8/2/1938,0,1,Record of Policy Actions (162 KB PDF),/monetarypolicy/files/fomcropa19380802.pdf
9/21/1938,9/21/1938,0,1,Record of Policy Actions (309 KB PDF),/monetarypolicy/files/fomcropa19380921.pdf
12/30/1938,12/30/1938,0,1,Record of Policy Actions (224 KB PDF),/monetarypolicy/files/fomcropa19381230.pdf
3/6/1939,3/7/1939,0,1,Record of Policy Actions (243 KB PDF),/monetarypolicy/files/fomcropa19390307.pdf
3/20/1939,3/20/1939,0,1,Record of Policy Actions (145 KB PDF),/monetarypolicy/files/fomcropa19390320.pdf
4/19/1939,4/19/1939,0,1,Record of Policy Actions (279 KB PDF),/monetarypolicy/files/fomcropa19390419.pdf
6/20/1939,6/21/1939,0,1,Record of Policy Actions (282 KB PDF),/monetarypolicy/files/fomcropa19390621.pdf
9/18/1939,9/18/1939,0,1,Record of Policy Actions (212 KB PDF),/monetarypolicy/files/fomcropa19390918.pdf
12/13/1939,12/13/1939,0,1,Record of Policy Actions (78 KB PDF),/monetarypolicy/files/fomcropa19391213.pdf
3/20/1940,3/20/1940,0,1,Record of Policy Actions (101 KB PDF),/monetarypolicy/files/fomcropa19400320.pdf
5/27/1940,5/28/1940,0,1,Record of Policy Actions (245 KB PDF),/monetarypolicy/files/fomcropa19400528.pdf
9/27/1940,9/27/1940,0,1,Record of Policy Actions (161 KB PDF),/monetarypolicy/files/fomcropa19400927.pdf
12/18/1940,12/18/1940,0,1,Record of Policy Actions (186 KB PDF),/monetarypolicy/files/fomcropa19401218.pdf
3/17/1941,3/17/1941,0,1,Record of Policy Actions (116 KB PDF),/monetarypolicy/files/fomcropa19410317.pdf
6/10/1941,6/10/1941,0,1,Record of Policy Actions (235 KB PDF),/monetarypolicy/files/fomcropa19410610.pdf
9/27/1941,9/27/1941,0,1,Record of Policy Actions (136 KB PDF),/monetarypolicy/files/fomcropa19410927.pdf
12/12/1941,12/12/1941,0,1,Record of Policy Actions (135 KB PDF),/monetarypolicy/files/fomcropa19411212.pdf
2/28/1942,2/28/1942,0,1,Historical Minutes (163 KB PDF),/monetarypolicy/files/FOMChistmin19420228.pdf
3/2/1942,3/2/1942,0,1,Record of Policy Actions (123 KB PDF),/monetarypolicy/files/fomcropa19420302.pdf
5/8/1942,5/8/1942,0,1,Record of Policy Actions (253 KB PDF),/monetarypolicy/files/fomcropa19420508.pdf
6/22/1942,6/22/1942,0,1,Record of Policy Actions (273 KB PDF),/monetarypolicy/files/fomcropa19420622.pdf
8/3/1942,8/3/1942,0,1,Record of Policy Actions (143 KB PDF),/monetarypolicy/files/fomcropa19420803.pdf
9/28/1942,9/29/1942,0,1,Record of Policy Actions (154 KB PDF),/monetarypolicy/files/fomcropa19420928.pdf
12/14/1942,12/14/1942,0,1,Record of Policy Actions (105 KB PDF),/monetarypolicy/files/fomcropa19421214.pdf
1/25/1943,1/26/1943,0,1,Record of Policy Actions (145 KB PDF),/monetarypolicy/files/fomcropa19430126.pdf
3/2/1943,3/2/1943,0,1,Record of Policy Actions (142 KB PDF),/monetarypolicy/files/fomcropa19430302.pdf
5/15/1943,5/15/1943,0,1,Record of Policy Actions (268 KB PDF),/monetarypolicy/files/fomcropa19430515.pdf
6/28/1943,6/28/1943,0,1,Record of Policy Actions (280 KB PDF),/monetarypolicy/files/fomcropa19430628.pdf
10/18/1943,10/18/1943,0,1,Record of Policy Actions (197 KB PDF),/monetarypolicy/files/fomcropa19431018.pdf
2/29/1944,2/29/1944,0,1,Record of Policy Actions (259 KB PDF),/monetarypolicy/files/fomcropa19440229.pdf
3/1/1944,3/1/1944,0,1,Record of Policy Actions (264 KB PDF),/monetarypolicy/files/fomcropa19440301.pdf
5/4/1944,5/4/1944,0,1,Record of Policy Actions (255 KB PDF),/monetarypolicy/files/fomcropa19440504.pdf
9/21/1944,9/22/1944,0,1,Record of Policy Actions (126 KB PDF),/monetarypolicy/files/fomcropa19440921.pdf
12/11/1944,12/11/1944,0,1,Record of Policy Actions (125 KB PDF),/monetarypolicy/files/fomcropa19441211.pdf
2/28/1945,2/28/1945,0,1,Historical Minutes (201 KB PDF),/monetarypolicy/files/FOMChistmin19450228.pdf
3/1/1945,3/1/1945,0,1,Record of Policy Actions (127 KB PDF),/monetarypolicy/files/fomcropa19450301.pdf
6/20/1945,6/20/1945,0,1,Record of Policy Actions (244 KB PDF),/monetarypolicy/files/fomcropa19450620.pdf
10/17/1945,10/17/1945,0,1,Record of Policy Actions (132 KB PDF),/monetarypolicy/files/fomcropa19451017.pdf
2/28/1946,2/28/1946,0,1,Historical Minutes (223 KB PDF),/monetarypolicy/files/FOMChistmin19460228.pdf
3/1/1946,3/1/1946,0,1,Record of Policy Actions (243 KB PDF),/monetarypolicy/files/fomcropa19460301.pdf
6/10/1946,6/10/1946,0,1,Record of Policy Actions (242 KB PDF),/monetarypolicy/files/fomcropa19460610.pdf
10/3/1946,10/3/1946,0,1,Record of Policy Actions (116 KB PDF),/monetarypolicy/files/fomcropa19461003.pdf
2/27/1947,2/28/1947,0,1,Historical Minutes (727 KB PDF),/monetarypolicy/files/FOMChistmin19470228.pdf
3/1/1947,3/1/1947,0,1,Record of Policy Actions (130 KB PDF),/monetarypolicy/files/fomcropa19470301.pdf
6/5/1947,6/6/1947,0,1,Record of Policy Actions (257 KB PDF),/monetarypolicy/files/fomcropa19470605.pdf
10/6/1947,10/7/1947,0,1,Record of Policy Actions (379 KB PDF),/monetarypolicy/files/fomcropa19471007.pdf
12/9/1947,12/9/1947,0,1,Record of Policy Actions (136 KB PDF),/monetarypolicy/files/fomcropa19471209.pdf
2/27/1948,2/27/1948,0,1,Historical Minutes (694 KB PDF),/monetarypolicy/files/FOMChistmin19480227.pdf
3/1/1948,3/1/1948,0,1,Record of Policy Actions (135 KB PDF),/monetarypolicy/files/fomcropa19480301.pdf
5/20/1948,5/20/1948,0,1,Record of Policy Actions (257 KB PDF),/monetarypolicy/files/fomcropa19480520.pdf
10/4/1948,10/4/1948,0,1,Record of Policy Actions (259 KB PDF),/monetarypolicy/files/fomcropa19481004.pdf
11/15/1948,11/15/1948,0,1,Historical Minutes (392 KB PDF),/monetarypolicy/files/FOMChistmin19481115.pdf
11/30/1948,11/30/1948,0,1,Record of Policy Actions (137 KB PDF),/monetarypolicy/files/fomcropa19481130.pdf
2/28/1949,2/28/1949,0,1,Historical Minutes (180 KB PDF),/monetarypolicy/files/FOMChistmin19490228.pdf
3/1/1949,3/1/1949,0,1,Record of Policy Actions (209 KB PDF),/monetarypolicy/files/fomcropa19490301.pdf
5/3/1949,5/3/1949,0,1,Record of Policy Actions (113 KB PDF),/monetarypolicy/files/fomcropa19490503.pdf
6/28/1949,6/28/1949,0,1,Record of Policy Actions (217 KB PDF),/monetarypolicy/files/fomcropa19490628.pdf
8/5/1949,8/5/1949,0,1,Record of Policy Actions (220 KB PDF),/monetarypolicy/files/fomcropa19490805.pdf
12/13/1949,12/13/1949,0,1,Record of Policy Actions (208 KB PDF),/monetarypolicy/files/fomcropa19491213.pdf
2/28/1950,2/28/1950,0,1,Historical Minutes (290 KB PDF),/monetarypolicy/files/FOMChistmin19500228.pdf
3/1/1950,3/1/1950,0,1,Record of Policy Actions (201 KB PDF),/monetarypolicy/files/fomcropa19500301.pdf
6/13/1950,6/14/1950,0,1,Record of Policy Actions (109 KB PDF),/monetarypolicy/files/fomcropa19500614.pdf
8/18/1950,8/18/1950,0,1,Record of Policy Actions (399 KB PDF),/monetarypolicy/files/fomcropa19500818.pdf
9/28/1950,9/28/1950,0,1,Record of Policy Actions (200 KB PDF),/monetarypolicy/files/fomcropa19500928.pdf
10/11/1950,10/11/1950,0,1,Record of Policy Actions (208 KB PDF),/monetarypolicy/files/fomcropa19501011.pdf
10/30/1950,10/30/1950,0,1,Record of Policy Actions (111 KB PDF),/monetarypolicy/files/fomcropa19501030.pdf
11/27/1950,11/27/1950,0,1,Record of Policy Actions (180 KB PDF),/monetarypolicy/files/fomcropa19501127.pdf
1/31/1951,1/31/1951,0,1,Record of Policy Actions (200 KB PDF),/monetarypolicy/files/fomcropa19510131.pdf
2/6/1951,2/8/1951,0,1,Record of Policy Actions (225 KB PDF),/monetarypolicy/files/fomcropa19510208.pdf
3/1/1951,3/2/1951,0,1,Record of Policy Actions (320 KB PDF),/monetarypolicy/files/fomcropa19510302.pdf
3/8/1951,3/8/1951,0,1,Record of Policy Actions (111 KB PDF),/monetarypolicy/files/fomcropa19510308.pdf
5/17/1951,5/17/1951,0,1,Record of Policy Actions (211 KB PDF),/monetarypolicy/files/fomcropa19510517.pdf
10/4/1951,10/4/1951,0,1,Record of Policy Actions (295 KB PDF),/monetarypolicy/files/fomcropa19511004.pdf
11/14/1951,11/14/1951,0,1,Record of Policy Actions (87 KB PDF),/monetarypolicy/files/fomcropa19511114.pdf
2/29/1952,2/29/1952,0,1,Historical Minutes (502 KB PDF),/monetarypolicy/files/FOMChistmin19520229.pdf
3/1/1952,3/1/1952,0,1,Record of Policy Actions (229 KB PDF),/monetarypolicy/files/fomcropa19520301.pdf
6/19/1952,6/19/1952,0,1,Record of Policy Actions (236 KB PDF),/monetarypolicy/files/fomcropa19520619.pdf
9/25/1952,9/25/1952,0,1,Record of Policy Actions (344 KB PDF),/monetarypolicy/files/fomcropa19520925.pdf
12/8/1952,12/8/1952,0,1,Record of Policy Actions (122 KB PDF),/monetarypolicy/files/fomcropa19521208.pdf
3/4/1953,3/5/1953,0,1,Record of Policy Actions (462 KB PDF),/monetarypolicy/files/fomcropa19530305.pdf
6/11/1953,6/11/1953,0,1,Record of Policy Actions (359 KB PDF),/monetarypolicy/files/fomcropa19530611.pdf
9/24/1953,9/24/1953,0,1,Record of Policy Actions (352 KB PDF),/monetarypolicy/files/fomcropa19530924.pdf
12/15/1953,12/15/1953,0,1,Record of Policy Actions (305 KB PDF),/monetarypolicy/files/fomcropa19531215.pdf
3/3/1954,3/3/1954,0,1,Record of Policy Actions (217 KB PDF),/monetarypolicy/files/fomcropa19540303.pdf
6/23/1954,6/23/1954,0,1,Record of Policy Actions (220 KB PDF),/monetarypolicy/files/fomcropa19540623.pdf
9/22/1954,9/22/1954,0,1,Record of Policy Actions (115 KB PDF),/monetarypolicy/files/fomcropa19540922.pdf
12/7/1954,12/7/1954,0,1,Record of Policy Actions (205 KB PDF),/monetarypolicy/files/fomcropa19541207.pdf
1/11/1955,1/11/1955,0,1,Record of Policy Actions (220 KB PDF),/monetarypolicy/files/fomcropa19550111.pdf
3/2/1955,3/2/1955,0,1,Record of Policy Actions (343 KB PDF),/monetarypolicy/files/fomcropa19550302.pdf
5/10/1955,5/10/1955,0,1,Record of Policy Actions (238 KB PDF),/monetarypolicy/files/fomcropa19550510.pdf
6/22/1955,6/22/1955,0,1,Record of Policy Actions (237 KB PDF),/monetarypolicy/files/fomcropa19550622.pdf
7/12/1955,7/12/1955,0,1,Record of Policy Actions (237 KB PDF),/monetarypolicy/files/fomcropa19550712.pdf
8/2/1955,8/2/1955,0,1,Record of Policy Actions (231 KB PDF),/monetarypolicy/files/fomcropa19550802.pdf
8/23/1955,8/23/1955,0,1,Record of Policy Actions (232 KB PDF),/monetarypolicy/files/fomcropa19550823.pdf
9/14/1955,9/14/1955,0,1,Record of Policy Actions (129 KB PDF),/monetarypolicy/files/fomcropa19550914.pdf
9/26/1955,9/26/1955,0,0,Record of Policy Actions (235 KB PDF),/monetarypolicy/files/fomcropa19550926.pdf
10/4/1955,10/4/1955,0,1,Record of Policy Actions (129 KB PDF),/monetarypolicy/files/fomcropa19551004.pdf
10/25/1955,10/25/1955,0,1,Record of Policy Actions (236 KB PDF),/monetarypolicy/files/fomcropa19551025.pdf
11/16/1955,11/16/1955,0,1,Record of Policy Actions (130 KB PDF),/monetarypolicy/files/fomcropa19551116.pdf
11/30/1955,11/30/1955,0,0,Record of Policy Actions (240 KB PDF),/monetarypolicy/files/fomcropa19551130.pdf
12/8/1955,12/8/1955,0,0,Historical Minutes (297 KB PDF),/monetarypolicy/files/FOMChistmin19551208.pdf
12/13/1955,12/13/1955,0,1,Record of Policy Actions (132 KB PDF),/monetarypolicy/files/fomcropa19551213.pdf
1/10/1956,1/10/1956,0,1,Record of Policy Actions (202 KB PDF),/monetarypolicy/files/fomcropa19560110.pdf
1/24/1956,1/24/1956,0,1,Record of Policy Actions (297 KB PDF),/monetarypolicy/files/fomcropa19560124.pdf
2/15/1956,2/15/1956,0,1,Record of Policy Actions (202 KB PDF),/monetarypolicy/files/fomcropa19560215.pdf
3/6/1956,3/6/1956,0,1,Record of Policy Actions (388 KB PDF),/monetarypolicy/files/fomcropa19560306.pdf
3/27/1956,3/27/1956,0,1,Record of Policy Actions (294 KB PDF),/monetarypolicy/files/fomcropa19560327.pdf
4/17/1956,4/17/1956,0,1,Record of Policy Actions (307 KB PDF),/monetarypolicy/files/fomcropa19560417.pdf
4/18/1956,4/18/1956,0,1,"Historical Minutes: see April 17, 1956 Minutes",NA
5/9/1956,5/9/1956,0,1,Record of Policy Actions (208 KB PDF),/monetarypolicy/files/fomcropa19560509.pdf
5/23/1956,5/23/1956,0,1,Record of Policy Actions (311 KB PDF),/monetarypolicy/files/fomcropa19560523.pdf
6/5/1956,6/5/1956,0,1,Record of Policy Actions (306 KB PDF),/monetarypolicy/files/fomcropa19560605.pdf
6/26/1956,6/26/1956,0,1,Record of Policy Actions (203 KB PDF),/monetarypolicy/files/fomcropa19560626.pdf
7/17/1956,7/17/1956,0,1,Record of Policy Actions (304 KB PDF),/monetarypolicy/files/fomcropa19560717.pdf
8/7/1956,8/7/1956,0,1,Record of Policy Actions (306 KB PDF),/monetarypolicy/files/fomcropa19560807.pdf
8/21/1956,8/21/1956,0,1,Record of Policy Actions (205 KB PDF),/monetarypolicy/files/fomcropa19560821.pdf
9/11/1956,9/11/1956,0,1,Record of Policy Actions (305 KB PDF),/monetarypolicy/files/fomcropa19560911.pdf
9/25/1956,9/25/1956,0,1,Record of Policy Actions (310 KB PDF),/monetarypolicy/files/fomcropa19560925.pdf
10/16/1956,10/16/1956,0,1,Record of Policy Actions (308 KB PDF),/monetarypolicy/files/fomcropa19561016.pdf
11/13/1956,11/13/1956,0,1,Record of Policy Actions (206 KB PDF),/monetarypolicy/files/fomcropa19561113.pdf
11/27/1956,11/27/1956,0,1,Record of Policy Actions (304 KB PDF),/monetarypolicy/files/fomcropa19561127.pdf
12/10/1956,12/10/1956,0,1,Record of Policy Actions (312 KB PDF),/monetarypolicy/files/fomcropa19561210.pdf
1/8/1957,1/8/1957,0,1,Record of Policy Actions (288 KB PDF),/monetarypolicy/files/fomcropa19570108.pdf
1/28/1957,1/28/1957,0,1,Record of Policy Actions (279 KB PDF),/monetarypolicy/files/fomcropa19570128.pdf
2/18/1957,2/18/1957,0,1,Record of Policy Actions (281 KB PDF),/monetarypolicy/files/fomcropa19570218.pdf
3/5/1957,3/5/1957,0,1,Record of Policy Actions (284 KB PDF),/monetarypolicy/files/fomcropa19570305.pdf
3/26/1957,3/26/1957,0,1,Record of Policy Actions (281 KB PDF),/monetarypolicy/files/fomcropa19570326.pdf
4/16/1957,4/16/1957,0,1,Record of Policy Actions (182 KB PDF),/monetarypolicy/files/fomcropa19570416.pdf
4/24/1957,4/24/1957,0,0,Historical Minutes (692 KB PDF),/monetarypolicy/files/fomchistmin19570424.pdf
5/7/1957,5/7/1957,0,1,Record of Policy Actions (274 KB PDF),/monetarypolicy/files/fomcropa19570507.pdf
5/28/1957,5/28/1957,0,1,Record of Policy Actions (178 KB PDF),/monetarypolicy/files/fomcropa19570528.pdf
6/18/1957,6/18/1957,0,1,Record of Policy Actions (178 KB PDF),/monetarypolicy/files/fomcropa19570618.pdf
7/9/1957,7/9/1957,0,1,Record of Policy Actions (280 KB PDF),/monetarypolicy/files/fomcropa19570709.pdf
7/30/1957,7/30/1957,0,1,Record of Policy Actions (188 KB PDF),/monetarypolicy/files/fomcropa19570730.pdf
8/20/1957,8/20/1957,0,1,Record of Policy Actions (176 KB PDF),/monetarypolicy/files/fomcropa19570820.pdf
9/10/1957,9/10/1957,0,1,Record of Policy Actions (176 KB PDF),/monetarypolicy/files/fomcropa19570910.pdf
10/1/1957,10/1/1957,0,1,Record of Policy Actions (277 KB PDF),/monetarypolicy/files/fomcropa19571001.pdf
10/22/1957,10/22/1957,0,1,Record of Policy Actions (290 KB PDF),/monetarypolicy/files/fomcropa19571022.pdf
11/12/1957,11/12/1957,0,1,Record of Policy Actions (295 KB PDF),/monetarypolicy/files/fomcropa19571112.pdf
12/3/1957,12/3/1957,0,1,Record of Policy Actions (292 KB PDF),/monetarypolicy/files/fomcropa19571203.pdf
12/17/1957,12/17/1957,0,1,Record of Policy Actions (282 KB PDF),/monetarypolicy/files/fomcropa19571217.pdf
1/7/1958,1/7/1958,0,1,Record of Policy Actions (284 KB PDF),/monetarypolicy/files/fomcropa19580107.pdf
1/28/1958,1/28/1958,0,1,Record of Policy Actions (187 KB PDF),/monetarypolicy/files/fomcropa19580128.pdf
2/11/1958,2/11/1958,0,1,Record of Policy Actions (190 KB PDF),/monetarypolicy/files/fomcropa19580211.pdf
3/4/1958,3/4/1958,0,1,Record of Policy Actions (385 KB PDF),/monetarypolicy/files/fomcropa19580304.pdf
3/25/1958,3/25/1958,0,1,Record of Policy Actions (294 KB PDF),/monetarypolicy/files/fomcropa19580325.pdf
4/15/1958,4/15/1958,0,1,Record of Policy Actions (293 KB PDF),/monetarypolicy/files/fomcropa19580415.pdf
5/6/1958,5/6/1958,0,1,Record of Policy Actions (295 KB PDF),/monetarypolicy/files/fomcropa19580506.pdf
5/27/1958,5/27/1958,0,1,Record of Policy Actions (293 KB PDF),/monetarypolicy/files/fomcropa19580527.pdf
6/17/1958,6/17/1958,0,1,Record of Policy Actions (286 KB PDF),/monetarypolicy/files/fomcropa19580617.pdf
7/8/1958,7/8/1958,0,1,Record of Policy Actions (186 KB PDF),/monetarypolicy/files/fomcropa19580708.pdf
7/15/1958,7/15/1958,0,0,Historical Minutes (285 KB PDF),/monetarypolicy/files/fomchistmin19580715.pdf
7/18/1958,7/18/1958,0,0,Record of Policy Actions (281 KB PDF),/monetarypolicy/files/fomcropa19580718.pdf
7/21/1958,7/21/1958,0,0,Historical Minutes (206 KB PDF),/monetarypolicy/files/fomchistmin19580721.pdf
7/22/1958,7/22/1958,0,0,Historical Minutes (321 KB PDF),/monetarypolicy/files/fomchistmin19580722.pdf
7/23/1958,7/23/1958,0,0,Record of Policy Actions (281 KB PDF),/monetarypolicy/files/fomcropa19580723.pdf
7/24/1958,7/24/1958,0,0,Record of Policy Actions (184 KB PDF),/monetarypolicy/files/fomcropa19580724.pdf
7/25/1958,7/25/1958,0,0,Historical Minutes (123 KB PDF),/monetarypolicy/files/fomchistmin19580725.pdf
7/29/1958,7/29/1958,0,1,Record of Policy Actions (277 KB PDF),/monetarypolicy/files/fomcropa19580729.pdf
7/30/1958,7/30/1958,0,0,Historical Minutes (157 KB PDF),/monetarypolicy/files/fomchistmin19580730.pdf
7/31/1958,7/31/1958,0,0,Historical Minutes (167 KB PDF),/monetarypolicy/files/fomchistmin19580731.pdf
8/1/1958,8/1/1958,0,0,Historical Minutes (131 KB PDF),/monetarypolicy/files/fomchistmin19580801.pdf
8/4/1958,8/4/1958,0,0,Record of Policy Actions (183 KB PDF),/monetarypolicy/files/fomcropa19580804.pdf
8/19/1958,8/19/1958,0,1,Record of Policy Actions (288 KB PDF),/monetarypolicy/files/fomcropa19580909.pdf
9/9/1958,9/9/1958,0,1,Record of Policy Actions (288 KB PDF),/monetarypolicy/files/fomcropa19580909.pdf
9/30/1958,9/30/1958,0,1,Record of Policy Actions (188 KB PDF),/monetarypolicy/files/fomcropa19580930.pdf
10/21/1958,10/21/1958,0,1,Record of Policy Actions (285 KB PDF),/monetarypolicy/files/fomcropa19581021.pdf
11/10/1958,11/10/1958,0,1,Record of Policy Actions (283 KB PDF),/monetarypolicy/files/fomcropa19581110.pdf
12/2/1958,12/2/1958,0,1,Record of Policy Actions (185 KB PDF),/monetarypolicy/files/fomcropa19581202.pdf
12/16/1958,12/16/1958,0,1,Record of Policy Actions (351 KB PDF),/monetarypolicy/files/fomcropa19581216.pdf
1/6/1959,1/6/1959,0,1,Record of Policy Actions (307 KB PDF),/monetarypolicy/files/fomcropa19590106.pdf
1/27/1959,1/27/1959,0,1,Record of Policy Actions (200 KB PDF),/monetarypolicy/files/fomcropa19590127.pdf
2/10/1959,2/10/1959,0,1,Record of Policy Actions (300 KB PDF),/monetarypolicy/files/fomcropa19590210.pdf
3/3/1959,3/3/1959,0,1,Record of Policy Actions (301 KB PDF),/monetarypolicy/files/fomcropa19590303.pdf
3/24/1959,3/24/1959,0,1,Record of Policy Actions (306 KB PDF),/monetarypolicy/files/fomcropa19590324.pdf
4/14/1959,4/14/1959,0,1,Record of Policy Actions (306 KB PDF),/monetarypolicy/files/fomcropa19590414.pdf
5/5/1959,5/5/1959,0,1,Record of Policy Actions (202 KB PDF),/monetarypolicy/files/fomcropa19590505.pdf
5/26/1959,5/26/1959,0,1,Record of Policy Actions (316 KB PDF),/monetarypolicy/files/fomcropa19590526.pdf
6/16/1959,6/16/1959,0,1,Record of Policy Actions (317 KB PDF),/monetarypolicy/files/fomcropa19590616.pdf
7/7/1959,7/7/1959,0,1,Record of Policy Actions (314 KB PDF),/monetarypolicy/files/fomcropa19590707.pdf
7/28/1959,7/28/1959,0,1,Record of Policy Actions (307 KB PDF),/monetarypolicy/files/fomcropa19590728.pdf
8/18/1959,8/18/1959,0,1,Record of Policy Actions (219 KB PDF),/monetarypolicy/files/fomcropa19590818.pdf
9/1/1959,9/1/1959,0,1,Record of Policy Actions (310 KB PDF),/monetarypolicy/files/fomcropa19590901.pdf
9/22/1959,9/22/1959,0,1,Record of Policy Actions (320 KB PDF),/monetarypolicy/files/fomcropa19590922.pdf
10/13/1959,10/13/1959,0,1,Record of Policy Actions (317 KB PDF),/monetarypolicy/files/fomcropa19591013.pdf
11/4/1959,11/4/1959,0,1,Record of Policy Actions (305 KB PDF),/monetarypolicy/files/fomcropa19591104.pdf
11/24/1959,11/24/1959,0,1,Record of Policy Actions (200 KB PDF),/monetarypolicy/files/fomcropa19591124.pdf
12/15/1959,12/15/1959,0,1,Record of Policy Actions (387 KB PDF),/monetarypolicy/files/fomcropa19591215.pdf
1/12/1960,1/12/1960,0,1,Record of Policy Actions (285 KB PDF),/monetarypolicy/files/fomcropa19600112.pdf
1/26/1960,1/26/1960,0,1,Record of Policy Actions (194 KB PDF),/monetarypolicy/files/fomcropa19600126.pdf
2/9/1960,2/9/1960,0,1,Record of Policy Actions (282 KB PDF),/monetarypolicy/files/fomcropa19600209.pdf
3/1/1960,3/1/1960,0,1,Record of Policy Actions (375 KB PDF),/monetarypolicy/files/fomcropa19600301.pdf
3/22/1960,3/22/1960,0,1,Record of Policy Actions (376 KB PDF),/monetarypolicy/files/fomcropa19600322.pdf
4/12/1960,4/12/1960,0,1,Record of Policy Actions (378 KB PDF),/monetarypolicy/files/fomcropa19600412.pdf
5/3/1960,5/3/1960,0,1,Record of Policy Actions (279 KB PDF),/monetarypolicy/files/fomcropa19600503.pdf
5/24/1960,5/24/1960,0,1,Record of Policy Actions (279 KB PDF),/monetarypolicy/files/fomcropa19600524.pdf
6/14/1960,6/14/1960,0,1,Record of Policy Actions (285 KB PDF),/monetarypolicy/files/fomcropa19600614.pdf
7/6/1960,7/6/1960,0,1,Record of Policy Actions (272 KB PDF),/monetarypolicy/files/fomcropa19600706.pdf
7/26/1960,7/26/1960,0,1,Record of Policy Actions (177 KB PDF),/monetarypolicy/files/fomcropa19600726.pdf
8/16/1960,8/16/1960,0,1,Record of Policy Actions (280 KB PDF),/monetarypolicy/files/fomcropa19600816.pdf
9/13/1960,9/13/1960,0,1,Record of Policy Actions (290 KB PDF),/monetarypolicy/files/fomcropa19600913.pdf
10/4/1960,10/4/1960,0,1,Record of Policy Actions (280 KB PDF),/monetarypolicy/files/fomcropa19601004.pdf
10/25/1960,10/25/1960,0,1,Record of Policy Actions (374 KB PDF),/monetarypolicy/files/fomcropa19601025.pdf
11/22/1960,11/22/1960,0,1,Record of Policy Actions (278 KB PDF),/monetarypolicy/files/fomcropa19601122.pdf
12/13/1960,12/13/1960,0,1,Record of Policy Actions (259 KB PDF),/monetarypolicy/files/fomcropa19601213.pdf
1/10/1961,1/10/1961,0,1,Record of Policy Actions (262 KB PDF),/monetarypolicy/files/fomcropa19610110.pdf
1/24/1961,1/24/1961,0,1,Record of Policy Actions (161 KB PDF),/monetarypolicy/files/fomcropa19610124.pdf
2/7/1961,2/7/1961,0,1,Record of Policy Actions (447 KB PDF),/monetarypolicy/files/fomcropa19610207.pdf
3/7/1961,3/7/1961,0,1,Record of Policy Actions (533 KB PDF),/monetarypolicy/files/fomcropa19610307.pdf
3/28/1961,3/28/1961,0,1,Record of Policy Actions (354 KB PDF),/monetarypolicy/files/fomcropa19610328.pdf
4/18/1961,4/18/1961,0,1,Record of Policy Actions (344 KB PDF),/monetarypolicy/files/fomcropa19610418.pdf
5/9/1961,5/9/1961,0,1,Record of Policy Actions (353 KB PDF),/monetarypolicy/files/fomcropa19610509.pdf
6/6/1961,6/6/1961,0,1,Record of Policy Actions (256 KB PDF),/monetarypolicy/files/fomcropa19610606.pdf
6/20/1961,6/20/1961,0,1,Record of Policy Actions (247 KB PDF),/monetarypolicy/files/fomcropa19610620.pdf
7/11/1961,7/11/1961,0,1,Record of Policy Actions (337 KB PDF),/monetarypolicy/files/fomcropa19610711.pdf
8/1/1961,8/1/1961,0,1,Record of Policy Actions (243 KB PDF),/monetarypolicy/files/fomcropa19610801.pdf
8/22/1961,8/22/1961,0,1,Record of Policy Actions (348 KB PDF),/monetarypolicy/files/fomcropa19610822.pdf
9/12/1961,9/12/1961,0,1,Record of Policy Actions (246 KB PDF),/monetarypolicy/files/fomcropa19610912.pdf
10/3/1961,10/3/1961,0,1,Record of Policy Actions (245 KB PDF),/monetarypolicy/files/fomcropa19611003.pdf
10/24/1961,10/24/1961,0,1,Record of Policy Actions (247 KB PDF),/monetarypolicy/files/fomcropa19611024.pdf
11/14/1961,11/14/1961,0,1,Record of Policy Actions (343 KB PDF),/monetarypolicy/files/fomcropa19611114.pdf
12/5/1961,12/5/1961,0,1,Record of Policy Actions (248 KB PDF),/monetarypolicy/files/fomcropa19611205.pdf
12/19/1961,12/19/1961,0,1,Record of Policy Actions (646 KB PDF),/monetarypolicy/files/fomcropa19611219.pdf
1/9/1962,1/9/1962,0,1,Record of Policy Actions (429 KB PDF),/monetarypolicy/files/fomcropa19620109.pdf
1/23/1962,1/23/1962,0,1,Record of Policy Actions (334 KB PDF),/monetarypolicy/files/fomcropa19620123.pdf
2/13/1962,2/13/1962,0,1,Record of Policy Actions (699 KB PDF),/monetarypolicy/files/fomcropa19620213.pdf
3/6/1962,3/6/1962,0,1,Record of Policy Actions (528 KB PDF),/monetarypolicy/files/fomcropa19620306.pdf
3/27/1962,3/27/1962,0,1,Record of Policy Actions (338 KB PDF),/monetarypolicy/files/fomcropa19620327.pdf
4/17/1962,4/17/1962,0,1,Record of Policy Actions (428 KB PDF),/monetarypolicy/files/fomcropa19620417.pdf
5/8/1962,5/8/1962,0,1,Record of Policy Actions (328 KB PDF),/monetarypolicy/files/fomcropa19620508.pdf
5/29/1962,5/29/1962,0,1,Record of Policy Actions (324 KB PDF),/monetarypolicy/files/fomcropa19620529.pdf
6/19/1962,6/19/1962,0,1,Record of Policy Actions (405 KB PDF),/monetarypolicy/files/fomcropa19620619.pdf
6/21/1962,6/21/1962,0,0,Record of Policy Actions (229 KB PDF),/monetarypolicy/files/fomcropa19620621.pdf
7/10/1962,7/10/1962,0,1,Record of Policy Actions (409 KB PDF),/monetarypolicy/files/fomcropa19620710.pdf
7/31/1962,7/31/1962,0,1,Record of Policy Actions (426 KB PDF),/monetarypolicy/files/fomcropa19620731.pdf
8/21/1962,8/21/1962,0,1,Record of Policy Actions (337 KB PDF),/monetarypolicy/files/fomcropa19620821.pdf
9/11/1962,9/11/1962,0,1,Record of Policy Actions (336 KB PDF),/monetarypolicy/files/fomcropa19620911.pdf
10/2/1962,10/2/1962,0,1,Record of Policy Actions (422 KB PDF),/monetarypolicy/files/fomcropa19621002.pdf
10/23/1962,10/23/1962,0,1,Record of Policy Actions (325 KB PDF),/monetarypolicy/files/fomcropa19621023.pdf
11/13/1962,11/13/1962,0,1,Record of Policy Actions (423 KB PDF),/monetarypolicy/files/fomcropa19621113.pdf
12/4/1962,12/4/1962,0,1,Record of Policy Actions (323 KB PDF),/monetarypolicy/files/fomcropa19621204.pdf
12/18/1962,12/18/1962,0,1,Record of Policy Actions (370 KB PDF),/monetarypolicy/files/fomcropa19621218.pdf
1/8/1963,1/8/1963,0,1,Record of Policy Actions (310 KB PDF),/monetarypolicy/files/fomcropa19630108.pdf
1/29/1963,1/29/1963,0,1,Record of Policy Actions (314 KB PDF),/monetarypolicy/files/fomcropa19630129.pdf
2/12/1963,2/12/1963,0,1,Record of Policy Actions (240 KB PDF),/monetarypolicy/files/fomcropa19630212.pdf
3/5/1963,3/5/1963,0,1,Record of Policy Actions (313 KB PDF),/monetarypolicy/files/fomcropa19630305.pdf
3/26/1963,3/26/1963,0,1,Record of Policy Actions (316 KB PDF),/monetarypolicy/files/fomcropa19630326.pdf
4/16/1963,4/16/1963,0,1,Record of Policy Actions (237 KB PDF),/monetarypolicy/files/fomcropa19630416.pdf
5/7/1963,5/7/1963,0,1,Record of Policy Actions (245 KB PDF),/monetarypolicy/files/fomcropa19630507.pdf
5/28/1963,5/28/1963,0,1,Record of Policy Actions (413 KB PDF),/monetarypolicy/files/fomcropa19630528.pdf
6/18/1963,6/18/1963,0,1,Record of Policy Actions (237 KB PDF),/monetarypolicy/files/fomcropa19630618.pdf
7/9/1963,7/9/1963,0,1,Record of Policy Actions (332 KB PDF),/monetarypolicy/files/fomcropa19630709.pdf
7/30/1963,7/30/1963,0,1,Record of Policy Actions (328 KB PDF),/monetarypolicy/files/fomcropa19630730.pdf
8/20/1963,8/20/1963,0,1,Record of Policy Actions (237 KB PDF),/monetarypolicy/files/fomcropa19630820.pdf
9/10/1963,9/10/1963,0,1,Record of Policy Actions (316 KB PDF),/monetarypolicy/files/fomcropa19630910.pdf
10/1/1963,10/1/1963,0,1,Record of Policy Actions (393 KB PDF),/monetarypolicy/files/fomcropa19631001.pdf
10/22/1963,10/22/1963,0,1,Record of Policy Actions (318 KB PDF),/monetarypolicy/files/fomcropa19631022.pdf
11/12/1963,11/12/1963,0,1,Record of Policy Actions (405 KB PDF),/monetarypolicy/files/fomcropa19631112.pdf
11/26/1963,11/26/1963,0,0,Record of Policy Actions (153 KB PDF),/monetarypolicy/files/fomcropa19631126.pdf
12/3/1963,12/3/1963,0,1,Record of Policy Actions (316 KB PDF),/monetarypolicy/files/fomcropa19631203.pdf
12/17/1963,12/17/1963,0,1,Record of Policy Actions (225 KB PDF),/monetarypolicy/files/fomcropa19631217.pdf
1/7/1964,1/7/1964,0,1,Record of Policy Actions (316 KB PDF),/monetarypolicy/files/fomcropa19640107.pdf
1/28/1964,1/28/1964,0,1,Record of Policy Actions (230 KB PDF),/monetarypolicy/files/fomcropa19640128.pdf
2/11/1964,2/11/1964,0,1,Record of Policy Actions (324 KB PDF),/monetarypolicy/files/fomcropa19640211.pdf
3/3/1964,3/3/1964,0,1,Record of Policy Actions (416 KB PDF),/monetarypolicy/files/fomcropa19640303.pdf
3/24/1964,3/24/1964,0,1,Record of Policy Actions (237 KB PDF),/monetarypolicy/files/fomcropa19640324.pdf
4/14/1964,4/14/1964,0,1,Record of Policy Actions (242 KB PDF),/monetarypolicy/files/fomcropa19640414.pdf
5/5/1964,5/5/1964,0,1,Record of Policy Actions (236 KB PDF),/monetarypolicy/files/fomcropa19640505.pdf
5/26/1964,5/26/1964,0,1,Record of Policy Actions (233 KB PDF),/monetarypolicy/files/fomcropa19640526.pdf
6/17/1964,6/17/1964,0,1,Record of Policy Actions (331 KB PDF),/monetarypolicy/files/fomcropa19640617.pdf
7/7/1964,7/7/1964,0,1,Record of Policy Actions (236 KB PDF),/monetarypolicy/files/fomcropa19640707.pdf
7/28/1964,7/28/1964,0,1,Record of Policy Actions (236 KB PDF),/monetarypolicy/files/fomcropa19640728.pdf
8/18/1964,8/18/1964,0,1,Record of Policy Actions (336 KB PDF),/monetarypolicy/files/fomcropa19640818.pdf
9/8/1964,9/8/1964,0,1,Record of Policy Actions (236 KB PDF),/monetarypolicy/files/fomcropa19640908.pdf
9/29/1964,9/29/1964,0,1,Record of Policy Actions (324 KB PDF),/monetarypolicy/files/fomcropa19640929.pdf
10/20/1964,10/20/1964,0,1,Record of Policy Actions (383 KB PDF),/monetarypolicy/files/fomcropa19641020.pdf
11/10/1964,11/10/1964,0,1,Record of Policy Actions (302 KB PDF),/monetarypolicy/files/fomcropa19641110.pdf
11/24/1964,11/24/1964,0,0,Record of Policy Actions (217 KB PDF),/monetarypolicy/files/fomcropa19641124.pdf
12/1/1964,12/1/1964,0,1,Record of Policy Actions (238 KB PDF),/monetarypolicy/files/fomcropa19641201.pdf
12/15/1964,12/15/1964,0,1,Record of Policy Actions (338 KB PDF),/monetarypolicy/files/fomcropa19641215.pdf
1/12/1965,1/12/1965,0,1,Record of Policy Actions (300 KB PDF),/monetarypolicy/files/fomcropa19650112.pdf
2/2/1965,2/2/1965,0,1,Record of Policy Actions (304 KB PDF),/monetarypolicy/files/fomcropa19650202.pdf
3/2/1965,3/2/1965,0,1,Record of Policy Actions (485 KB PDF),/monetarypolicy/files/fomcropa19650302.pdf
3/23/1965,3/23/1965,0,1,Record of Policy Actions (391 KB PDF),/monetarypolicy/files/fomcropa19650323.pdf
4/13/1965,4/13/1965,0,1,Record of Policy Actions (224 KB PDF),/monetarypolicy/files/fomcropa19650413.pdf
5/11/1965,5/11/1965,0,1,Record of Policy Actions (314 KB PDF),/monetarypolicy/files/fomcropa19650511.pdf
5/25/1965,5/25/1965,0,1,Record of Policy Actions (232 KB PDF),/monetarypolicy/files/fomcropa19650525.pdf
6/15/1965,6/15/1965,0,1,Record of Policy Actions (323 KB PDF),/monetarypolicy/files/fomcropa19650615.pdf
7/13/1965,7/13/1965,0,1,Record of Policy Actions (316 KB PDF),/monetarypolicy/files/fomcropa19650713.pdf
8/10/1965,8/10/1965,0,1,Record of Policy Actions (300 KB PDF),/monetarypolicy/files/fomcropa19650810.pdf
8/31/1965,8/31/1965,0,1,Record of Policy Actions (295 KB PDF),/monetarypolicy/files/fomcropa19650831.pdf
9/8/1965,9/8/1965,0,0,Record of Policy Actions (128 KB PDF),/monetarypolicy/files/fomcropa19650908.pdf
9/28/1965,9/28/1965,0,1,Record of Policy Actions (379 KB PDF),/monetarypolicy/files/fomcropa19650928.pdf
10/12/1965,10/12/1965,0,1,Record of Policy Actions (312 KB PDF),/monetarypolicy/files/fomcropa19651012.pdf
11/2/1965,11/2/1965,0,1,Record of Policy Actions (225 KB PDF),/monetarypolicy/files/fomcropa19651102.pdf
11/4/1965,11/4/1965,0,0,"Record of Policy Actions: see November 23, 1965 Record",NA
11/23/1965,11/23/1965,0,1,Record of Policy Actions (408 KB PDF),/monetarypolicy/files/fomcropa19651123.pdf
12/14/1965,12/14/1965,0,1,Record of Policy Actions (318 KB PDF),/monetarypolicy/files/fomcropa19651214.pdf
1/11/1966,1/11/1966,0,1,Record of Policy Actions (381 KB PDF),/monetarypolicy/files/fomcropa19660111.pdf
2/8/1966,2/8/1966,0,1,Record of Policy Actions (378 KB PDF),/monetarypolicy/files/fomcropa19660208.pdf
3/1/1966,3/1/1966,0,1,Record of Policy Actions (364 KB PDF),/monetarypolicy/files/fomcropa19660301.pdf
3/22/1966,3/22/1966,0,1,Record of Policy Actions (364 KB PDF),/monetarypolicy/files/fomcropa19660322.pdf
4/12/1966,4/12/1966,0,1,Record of Policy Actions (360 KB PDF),/monetarypolicy/files/fomcropa19660412.pdf
5/10/1966,5/10/1966,0,1,Record of Policy Actions (460 KB PDF),/monetarypolicy/files/fomcropa19660510.pdf
6/7/1966,6/7/1966,0,1,Record of Policy Actions (633 KB PDF),/monetarypolicy/files/fomcropa19660607.pdf
6/28/1966,6/28/1966,0,1,Record of Policy Actions (467 KB PDF),/monetarypolicy/files/fomcropa19660628.pdf
7/11/1966,7/11/1966,0,0,"Record of Policy Actions: see July 26, 1966 Record",NA
7/26/1966,7/26/1966,0,1,Record of Policy Actions (375 KB PDF),/monetarypolicy/files/fomcropa19660726.pdf
8/23/1966,8/23/1966,0,1,Record of Policy Actions (485 KB PDF),/monetarypolicy/files/fomcropa19660823.pdf
9/13/1966,9/13/1966,0,1,Record of Policy Actions (454 KB PDF),/monetarypolicy/files/fomcropa19660913.pdf
10/4/1966,10/4/1966,0,1,Record of Policy Actions (357 KB PDF),/monetarypolicy/files/fomcropa19661004.pdf
11/1/1966,11/1/1966,0,1,Record of Policy Actions (474 KB PDF),/monetarypolicy/files/fomcropa19661101.pdf
11/22/1966,11/22/1966,0,1,Record of Policy Actions (371 KB PDF),/monetarypolicy/files/fomcropa19661122.pdf
12/13/1966,12/13/1966,0,1,Record of Policy Actions (439 KB PDF),/monetarypolicy/files/fomcropa19661213.pdf
1/10/1967,1/10/1967,0,1,Record of Policy Actions (2.09 MB PDF),/monetarypolicy/files/fomcropa19670110.pdf
2/7/1967,2/7/1967,0,1,Record of Policy Actions (2.09 MB PDF),/monetarypolicy/files/fomcropa19670207.pdf
3/7/1967,3/7/1967,0,1,Record of Policy Actions (2.09 MB PDF),/monetarypolicy/files/fomcropa19670307.pdf
4/4/1967,4/4/1967,0,1,Record of Policy Actions (2.09 MB PDF),/monetarypolicy/files/fomcropa19670404.pdf
5/2/1967,5/2/1967,0,1,Record of Policy Actions (322 KB PDF),/monetarypolicy/files/fomcropa19670502.pdf
5/23/1967,5/23/1967,0,1,Record of Policy Actions (430 KB PDF),/monetarypolicy/files/fomcropa19670523.pdf
6/20/1967,6/20/1967,0,1,Record of Policy Actions (365 KB PDF),/monetarypolicy/files/fomcropa19670620.pdf
7/18/1967,7/18/1967,0,1,Record of Policy Actions (518 KB PDF),/monetarypolicy/files/fomcropa19670718.pdf
8/15/1967,8/15/1967,0,1,Record of Policy Actions (351 KB PDF),/monetarypolicy/files/fomcropa19670815.pdf
9/12/1967,9/12/1967,0,1,Record of Policy Actions (387 KB PDF),/monetarypolicy/files/fomcropa19670912.pdf
10/3/1967,10/3/1967,0,1,Record of Policy Actions (319 KB PDF),/monetarypolicy/files/fomcropa19671003.pdf
10/24/1967,10/24/1967,0,1,Record of Policy Actions (326 KB PDF),/monetarypolicy/files/fomcropa19671024.pdf
11/14/1967,11/14/1967,0,1,Record of Policy Actions (447 KB PDF),/monetarypolicy/files/fomcropa19671114.pdf
11/27/1967,11/27/1967,0,1,Record of Policy Actions (556 KB PDF),/monetarypolicy/files/fomcropa19671127.pdf
12/12/1967,12/12/1967,0,1,Record of Policy Actions (429 KB PDF),/monetarypolicy/files/fomcropa19671212.pdf
1/9/1968,1/9/1968,0,1,Record of Policy Actions (484 KB PDF),/monetarypolicy/files/fomcropa19680109.pdf
2/6/1968,2/6/1968,0,1,Record of Policy Actions (297 KB PDF),/monetarypolicy/files/fomcropa19680206.pdf
3/5/1968,3/5/1968,0,1,Record of Policy Actions (450 KB PDF),/monetarypolicy/files/fomcropa19680305.pdf
3/14/1968,3/14/1968,0,0,Record of Policy Actions (224 KB PDF),/monetarypolicy/files/fomcropa19680314.pdf
4/2/1968,4/2/1968,0,1,Record of Policy Actions (375 KB PDF),/monetarypolicy/files/fomcropa19680402.pdf
4/19/1968,4/19/1968,0,0,Record of Policy Actions (81 KB PDF),/monetarypolicy/files/fomcropa19680419.pdf
4/30/1968,4/30/1968,0,1,Record of Policy Actions (453 KB PDF),/monetarypolicy/files/fomcropa19680430.pdf
5/28/1968,5/28/1968,0,1,Record of Policy Actions (390 KB PDF),/monetarypolicy/files/fomcropa19680528.pdf
6/18/1968,6/18/1968,0,1,Record of Policy Actions (355 KB PDF),/monetarypolicy/files/fomcropa19680618.pdf
7/16/1968,7/16/1968,0,1,Record of Policy Actions (617 KB PDF),/monetarypolicy/files/fomcropa19680716.pdf
8/13/1968,8/13/1968,0,1,Record of Policy Actions (369 KB PDF),/monetarypolicy/files/fomcropa19680813.pdf
8/19/1968,8/19/1968,0,0,Record of Policy Actions (115 KB PDF),/monetarypolicy/files/fomcropa19680819.pdf
9/10/1968,9/10/1968,0,1,Record of Policy Actions (362 KB PDF),/monetarypolicy/files/fomcropa19680910.pdf
10/8/1968,10/8/1968,0,1,Record of Policy Actions (484 KB PDF),/monetarypolicy/files/fomcropa19681008.pdf
10/29/1968,10/29/1968,0,1,Record of Policy Actions (342 KB PDF),/monetarypolicy/files/fomcropa19681029.pdf
11/26/1968,11/26/1968,0,1,Record of Policy Actions (822 KB PDF),/monetarypolicy/files/fomcropa19681126.pdf
12/17/1968,12/17/1968,0,1,Record of Policy Actions (822 KB PDF),/monetarypolicy/files/fomcropa19681217.pdf
1/14/1969,1/14/1969,0,1,Record of Policy Actions (451 KB PDF),/monetarypolicy/files/fomcropa19690114.pdf
2/4/1969,2/4/1969,0,1,Record of Policy Actions (351 KB PDF),/monetarypolicy/files/fomcropa19690204.pdf
3/4/1969,3/4/1969,0,1,Record of Policy Actions (565 KB PDF),/monetarypolicy/files/fomcropa19690304.pdf
4/1/1969,4/1/1969,0,1,Record of Policy Actions (416 KB PDF),/monetarypolicy/files/fomcropa19690401.pdf
4/29/1969,4/29/1969,0,1,Record of Policy Actions (457 KB PDF),/monetarypolicy/files/fomcropa19690429.pdf
5/27/1969,5/27/1969,0,1,Record of Policy Actions (500 KB PDF),/monetarypolicy/files/fomcropa19690527.pdf
6/24/1969,6/24/1969,0,1,Record of Policy Actions (463 KB PDF),/monetarypolicy/files/fomcropa19690624.pdf
7/15/1969,7/15/1969,0,1,Record of Policy Actions (476 KB PDF),/monetarypolicy/files/fomcropa19690715.pdf
8/12/1969,8/12/1969,0,1,Record of Policy Actions (497 KB PDF),/monetarypolicy/files/fomcropa19690812.pdf
9/9/1969,9/9/1969,0,1,Record of Policy Actions (534 KB PDF),/monetarypolicy/files/fomcropa19690909.pdf
10/7/1969,10/7/1969,0,1,Record of Policy Actions (660 KB PDF),/monetarypolicy/files/fomcropa19691007.pdf
10/28/1969,10/28/1969,0,1,Record of Policy Actions (340 KB PDF),/monetarypolicy/files/fomcropa19691028.pdf
11/25/1969,11/25/1969,0,1,Record of Policy Actions (690 KB PDF),/monetarypolicy/files/fomcropa19691125.pdf
12/16/1969,12/16/1969,0,1,Record of Policy Actions (690 KB PDF),/monetarypolicy/files/fomcropa19691216.pdf
1/15/1970,1/15/1970,0,1,Record of Policy Actions (423 KB PDF),/monetarypolicy/files/fomcropa19700115.pdf
2/10/1970,2/10/1970,0,1,Record of Policy Actions (458 KB PDF),/monetarypolicy/files/fomcropa19700210.pdf
3/10/1970,3/10/1970,0,1,Record of Policy Actions (500 KB PDF),/monetarypolicy/files/fomcropa19700310.pdf
4/7/1970,4/7/1970,0,1,Record of Policy Actions (401 KB PDF),/monetarypolicy/files/fomcropa19700407.pdf
5/5/1970,5/5/1970,0,1,Record of Policy Actions (379 KB PDF),/monetarypolicy/files/fomcropa19700505.pdf
5/26/1970,5/26/1970,0,1,Record of Policy Actions (307 KB PDF),/monetarypolicy/files/fomcropa19700526.pdf
6/23/1970,6/23/1970,0,1,Record of Policy Actions (342 KB PDF),/monetarypolicy/files/fomcropa19700623.pdf
7/21/1970,7/21/1970,0,1,Record of Policy Actions (396 KB PDF),/monetarypolicy/files/fomcropa19700721.pdf
8/18/1970,8/18/1970,0,1,Record of Policy Actions (425 KB PDF),/monetarypolicy/files/fomcropa19700818.pdf
9/15/1970,9/15/1970,0,1,Record of Policy Actions (398 KB PDF),/monetarypolicy/files/fomcropa19700915.pdf
10/20/1970,10/20/1970,0,1,Record of Policy Actions (382 KB PDF),/monetarypolicy/files/fomcropa19701020.pdf
11/17/1970,11/17/1970,0,1,Record of Policy Actions (465 KB PDF),/monetarypolicy/files/fomcropa19701117.pdf
12/15/1970,12/15/1970,0,1,Record of Policy Actions (415 KB PDF),/monetarypolicy/files/fomcropa19701215.pdf
1/12/1971,1/12/1971,0,1,Record of Policy Actions (433 KB PDF),/monetarypolicy/files/fomcropa19710112.pdf
2/9/1971,2/9/1971,0,1,Record of Policy Actions (424 KB PDF),/monetarypolicy/files/fomcropa19710209.pdf
3/9/1971,3/9/1971,0,1,Record of Policy Actions (530 KB PDF),/monetarypolicy/files/fomcropa19710309.pdf
4/6/1971,4/6/1971,0,1,Record of Policy Actions (469 KB PDF),/monetarypolicy/files/fomcropa19710406.pdf
5/11/1971,5/11/1971,0,1,Record of Policy Actions (489 KB PDF),/monetarypolicy/files/fomcropa19710511.pdf
6/8/1971,6/8/1971,0,1,Record of Policy Actions (438 KB PDF),/monetarypolicy/files/fomcropa19710608.pdf
6/29/1971,6/29/1971,0,1,Record of Policy Actions (411 KB PDF),/monetarypolicy/files/fomcropa19710629.pdf
7/27/1971,7/27/1971,0,1,Record of Policy Actions (347 KB PDF),/monetarypolicy/files/fomcropa19710727.pdf
8/24/1971,8/24/1971,0,1,Record of Policy Actions (556 KB PDF),/monetarypolicy/files/fomcropa19710824.pdf
9/21/1971,9/21/1971,0,1,Record of Policy Actions (353 KB PDF),/monetarypolicy/files/fomcropa19710921.pdf
10/19/1971,10/19/1971,0,1,Record of Policy Actions (399 KB PDF),/monetarypolicy/files/fomcropa19711019.pdf
11/16/1971,11/16/1971,0,1,Record of Policy Actions (366 KB PDF),/monetarypolicy/files/fomcropa19711116.pdf
12/14/1971,12/14/1971,0,1,Record of Policy Actions (464 KB PDF),/monetarypolicy/files/fomcropa19711214.pdf
1/11/1972,1/11/1972,0,1,Record of Policy Actions (408 KB PDF),/monetarypolicy/files/fomcropa19720111.pdf
2/14/1972,2/14/1972,0,1,Memoranda of Discussion (1.75 MB PDF),/monetarypolicy/files/fomcmod19720214.pdf
2/15/1972,2/15/1972,0,1,Record of Policy Actions (473 KB PDF),/monetarypolicy/files/fomcropa19720215.pdf
3/21/1972,3/21/1972,0,1,Record of Policy Actions (465 KB PDF),/monetarypolicy/files/fomcropa19720321.pdf
4/17/1972,4/17/1972,0,1,Minutes of Actions (99 KB PDF),/monetarypolicy/files/fomcmoa19720417.pdf
4/18/1972,4/18/1972,0,1,Record of Policy Actions (499 KB PDF),/monetarypolicy/files/fomcropa19720418.pdf
5/23/1972,5/23/1972,0,1,Record of Policy Actions (342 KB PDF),/monetarypolicy/files/fomcropa19720523.pdf
6/19/1972,6/20/1972,0,1,Record of Policy Actions (374 KB PDF),/monetarypolicy/files/fomcropa19720620.pdf
7/18/1972,7/18/1972,0,1,Record of Policy Actions (338 KB PDF),/monetarypolicy/files/fomcropa19720718.pdf
8/15/1972,8/15/1972,0,1,Record of Policy Actions (331 KB PDF),/monetarypolicy/files/fomcropa19720815.pdf
9/19/1972,9/19/1972,0,1,Record of Policy Actions (388 KB PDF),/monetarypolicy/files/fomcropa19720919.pdf
10/17/1972,10/17/1972,0,1,Record of Policy Actions (310 KB PDF),/monetarypolicy/files/fomcropa19721017.pdf
11/20/1972,11/21/1972,0,1,Record of Policy Actions (358 KB PDF),/monetarypolicy/files/fomcropa19721121.pdf
12/19/1972,12/19/1972,0,1,Record of Policy Actions (328 KB PDF),/monetarypolicy/files/fomcropa19721219.pdf
1/16/1973,1/16/1973,0,1,Record of Policy Actions (370 KB PDF),/monetarypolicy/files/fomcropa19730116.pdf
2/13/1973,2/13/1973,0,1,Record of Policy Actions (394 KB PDF),/monetarypolicy/files/fomcropa19730213.pdf
3/7/1973,3/7/1973,0,0,Memoranda of Discussion (625 KB PDF),/monetarypolicy/files/fomcmod19730307.pdf
3/19/1973,3/20/1973,0,1,Record of Policy Actions (577 KB PDF),/monetarypolicy/files/fomcropa19730320.pdf
4/17/1973,4/17/1973,0,1,Record of Policy Actions (425 KB PDF),/monetarypolicy/files/fomcropa19730417.pdf
5/15/1973,5/15/1973,0,1,Record of Policy Actions (392 KB PDF),/monetarypolicy/files/fomcropa19730515.pdf
6/18/1973,6/19/1973,0,1,Record of Policy Actions (520 KB PDF),/monetarypolicy/files/fomcropa19730619.pdf
7/9/1973,7/9/1973,0,0,Minutes of Actions (87 KB PDF),/monetarypolicy/files/fomcmoa19730709.pdf
7/17/1973,7/17/1973,0,1,Record of Policy Actions (407 KB PDF),/monetarypolicy/files/fomcropa19730717.pdf
8/21/1973,8/21/1973,0,1,Record of Policy Actions (401 KB PDF),/monetarypolicy/files/fomcropa19730821.pdf
9/18/1973,9/18/1973,0,1,Record of Policy Actions (489 KB PDF),/monetarypolicy/files/fomcropa19730918.pdf
10/2/1973,10/2/1973,0,0,"Record of Policy Actions: see October 16, 1973 Record",NA
10/10/1973,10/10/1973,0,0,"Record of Policy Actions: see October 16, 1973 Record",NA
10/16/1973,10/16/1973,0,1,Record of Policy Actions (474 KB PDF),/monetarypolicy/files/fomcropa19731016.pdf
11/19/1973,11/20/1973,0,1,Record of Policy Actions (463 KB PDF),/monetarypolicy/files/fomcropa19731120.pdf
12/17/1973,12/18/1973,0,1,Record of Policy Actions (550 KB PDF),/monetarypolicy/files/fomcropa19731218.pdf
1/21/1974,1/22/1974,0,1,Record of Policy Actions (631 KB PDF),/monetarypolicy/files/fomcropa19740122.pdf
2/20/1974,2/20/1974,0,1,Record of Policy Actions (519 KB PDF),/monetarypolicy/files/fomcropa19740220.pdf
3/18/1974,3/19/1974,0,1,Record of Policy Actions (968 KB PDF),/monetarypolicy/files/fomcropa19740319.pdf
4/15/1974,4/16/1974,0,1,Record of Policy Actions (567 KB PDF),/monetarypolicy/files/fomcropa19740416.pdf
5/21/1974,5/21/1974,0,1,Record of Policy Actions (526 KB PDF),/monetarypolicy/files/fomcropa19740521.pdf
6/18/1974,6/18/1974,0,1,Record of Policy Actions (625 KB PDF),/monetarypolicy/files/fomcropa19740618.pdf
7/5/1974,7/5/1974,0,0,"Record of Policy Actions: see July 16, 1974 Record",NA
7/16/1974,7/16/1974,0,1,Record of Policy Actions (737 KB PDF),/monetarypolicy/files/fomcropa19740716.pdf
8/20/1974,8/20/1974,0,1,Record of Policy Actions (480 KB PDF),/monetarypolicy/files/fomcropa19740820.pdf
9/10/1974,9/10/1974,0,1,Record of Policy Actions (519 KB PDF),/monetarypolicy/files/fomcropa19740910.pdf
10/14/1974,10/15/1974,0,1,Record of Policy Actions (579 KB PDF),/monetarypolicy/files/fomcropa19741015.pdf
11/19/1974,11/19/1974,0,1,Record of Policy Actions (512 KB PDF),/monetarypolicy/files/fomcropa19741119.pdf
12/16/1974,12/17/1974,0,1,Record of Policy Actions (385 KB PDF),/monetarypolicy/files/fomcropa19741217.pdf
1/20/1975,1/21/1975,0,1,Record of Policy Actions (634 KB PDF),/monetarypolicy/files/fomcropa19750121.pdf
2/19/1975,2/19/1975,0,1,Record of Policy Actions (511 KB PDF),/monetarypolicy/files/fomcropa19750219.pdf
3/18/1975,3/18/1975,0,1,Record of Policy Actions (463 KB PDF),/monetarypolicy/files/fomcropa19750318.pdf
4/14/1975,4/15/1975,0,1,Record of Policy Actions (505 KB PDF),/monetarypolicy/files/fomcropa19750415.pdf
5/20/1975,5/20/1975,0,1,Record of Policy Actions (489 KB PDF),/monetarypolicy/files/fomcropa19750520.pdf
6/16/1975,6/17/1975,0,1,Record of Policy Actions (587 KB PDF),/monetarypolicy/files/fomcropa19750617.pdf
7/15/1975,7/15/1975,0,1,Record of Policy Actions (465 KB PDF),/monetarypolicy/files/fomcropa19750715.pdf
8/19/1975,8/19/1975,0,1,Record of Policy Actions (566 KB PDF),/monetarypolicy/files/fomcropa19750819.pdf
9/16/1975,9/16/1975,0,1,Record of Policy Actions (526 KB PDF),/monetarypolicy/files/fomcropa19750916.pdf
10/21/1975,10/21/1975,0,1,Record of Policy Actions (490 KB PDF),/monetarypolicy/files/fomcropa19751021.pdf
11/18/1975,11/18/1975,0,1,Record of Policy Actions (477 KB PDF),/monetarypolicy/files/fomcropa19751118.pdf
12/16/1975,12/16/1975,0,1,Record of Policy Actions (472 KB PDF),/monetarypolicy/files/fomcropa19751216.pdf
1/20/1976,1/20/1976,0,1,Record of Policy Actions (460 KB PDF),/monetarypolicy/files/fomcropa19760120.pdf
2/17/1976,2/18/1976,0,1,Record of Policy Actions (439 KB PDF),/monetarypolicy/files/fomcropa19760218.pdf
3/15/1976,3/16/1976,0,1,Record of Policy Actions (429 KB PDF),/monetarypolicy/files/fomcropa19760316.pdf
3/29/1976,3/29/1976,0,1,"Record of Policy Actions: see April 20, 1976 Record",NA
4/20/1976,4/20/1976,0,1,Record of Policy Actions (579 KB PDF),/monetarypolicy/files/fomcropa19760420.pdf
5/18/1976,5/18/1976,0,1,Record of Policy Actions (731 KB PDF),/monetarypolicy/files/fomcropa19760518.pdf
6/22/1976,6/22/1976,0,1,Record of Policy Actions (686 KB PDF),/monetarypolicy/files/fomcropa19760622.pdf
7/19/1976,7/20/1976,0,1,Record of Policy Actions (856 KB PDF),/monetarypolicy/files/fomcropa19760720.pdf
8/17/1976,8/17/1976,0,1,Record of Policy Actions (777 KB PDF),/monetarypolicy/files/fomcropa19760817.pdf
9/21/1976,9/21/1976,0,1,Record of Policy Actions (799 KB PDF),/monetarypolicy/files/fomcropa19760921.pdf
10/19/1976,10/19/1976,0,1,Record of Policy Actions (1.09 MB PDF),/monetarypolicy/files/fomcropa19761019.pdf
11/8/1976,11/8/1976,0,0,"Record of Policy Actions: see November 16, 1976 Record",NA
11/16/1976,11/16/1976,0,1,Record of Policy Actions (851 KB PDF),/monetarypolicy/files/fomcropa19761116.pdf
12/20/1976,12/21/1976,0,1,Record of Policy Actions (1.24 MB PDF),/monetarypolicy/files/fomcropa19761221.pdf
1/17/1977,1/18/1977,0,1,Record of Policy Actions (1.06 MB PDF),/monetarypolicy/files/fomcropa19770118.pdf
2/15/1977,2/15/1977,0,1,Record of Policy Actions (1.02 MB PDF),/monetarypolicy/files/fomcropa19770215.pdf
3/15/1977,3/15/1977,0,1,Record of Policy Actions (970 KB PDF),/monetarypolicy/files/fomcropa19770315.pdf
4/19/1977,4/19/1977,0,1,Record of Policy Actions (1.02 MB PDF),/monetarypolicy/files/fomcropa19770419.pdf
5/17/1977,5/17/1977,0,1,Record of Policy Actions (783 KB PDF),/monetarypolicy/files/fomcropa19770517.pdf
5/27/1977,5/27/1977,0,0,Transcript (268 KB PDF),/monetarypolicy/files/FOMC19770527confcall.pdf
6/21/1977,6/21/1977,0,1,Record of Policy Actions (739 KB PDF),/monetarypolicy/files/fomcropa19770621.pdf
7/19/1977,7/19/1977,0,1,Record of Policy Actions (942 KB PDF),/monetarypolicy/files/fomcropa19770719.pdf
8/16/1977,8/16/1977,0,1,Record of Policy Actions (732 KB PDF),/monetarypolicy/files/fomcropa19770816.pdf
9/20/1977,9/20/1977,0,1,Record of Policy Actions (867 KB PDF),/monetarypolicy/files/fomcropa19770920.pdf
10/17/1977,10/18/1977,0,1,Record of Policy Actions (1.12 MB PDF),/monetarypolicy/files/fomcropa19771018.pdf
11/15/1977,11/15/1977,0,1,Record of Policy Actions (758 KB PDF),/monetarypolicy/files/fomcropa19771115.pdf
12/19/1977,12/20/1977,0,1,Record of Policy Actions (896 KB PDF),/monetarypolicy/files/fomcropa19771220.pdf
1/5/1978,1/5/1978,0,0,Transcript (40 KB PDF),/monetarypolicy/files/FOMC19780105confcall.pdf
1/17/1978,1/17/1978,0,1,Record of Policy Actions (1.11 MB PDF),/monetarypolicy/files/fomcropa19780117.pdf
2/28/1978,2/28/1978,0,1,Record of Policy Actions (1.17 MB PDF),/monetarypolicy/files/fomcropa19780228.pdf
3/10/1978,3/10/1978,0,0,"Record of Policy Actions: see February 28, 1978 Record",NA
3/21/1978,3/21/1978,0,1,Record of Policy Actions (919 KB PDF),/monetarypolicy/files/fomcropa19780321.pdf
4/18/1978,4/18/1978,0,1,Record of Policy Actions (961 KB PDF),/monetarypolicy/files/fomcropa19780418.pdf
5/5/1978,5/5/1978,0,0,"Record of Policy Actions: see April 18, 1978 Record",NA
5/16/1978,5/16/1978,0,1,Record of Policy Actions (690 KB PDF),/monetarypolicy/files/fomcropa19780516.pdf
6/20/1978,6/20/1978,0,1,Record of Policy Actions (848 KB PDF),/monetarypolicy/files/fomcropa19780620.pdf
7/18/1978,7/18/1978,0,1,Record of Policy Actions (726 KB PDF),/monetarypolicy/files/fomcropa19780718.pdf
8/15/1978,8/15/1978,0,1,Record of Policy Actions (575 KB PDF),/monetarypolicy/files/fomcropa19780815.pdf
9/8/1978,9/8/1978,0,0,"Record of Policy Actions: see August 15, 1978 Record",NA
9/19/1978,9/19/1978,0,1,Record of Policy Actions (628 KB PDF),/monetarypolicy/files/fomcropa19780919.pdf
10/17/1978,10/17/1978,0,1,Record of Policy Actions (840 KB PDF),/monetarypolicy/files/fomcropa19781017.pdf
11/21/1978,11/21/1978,0,1,Record of Policy Actions (641 KB PDF),/monetarypolicy/files/fomcropa19781121.pdf
12/19/1978,12/19/1978,0,1,Record of Policy Actions (710 KB PDF),/monetarypolicy/files/fomcropa19781219.pdf
1/12/1979,1/12/1979,0,0,"Record of Policy Actions: see February 6, 1979 Record",NA
2/6/1979,2/6/1979,0,1,Record of Policy Actions (625 KB PDF),/monetarypolicy/files/fomcropa19790206.pdf
3/2/1979,3/2/1979,0,0,"Record of Policy Actions: see February 6, 1979 Record",NA
3/20/1979,3/20/1979,0,1,Record of Policy Actions (738 KB PDF),/monetarypolicy/files/fomcropa19790320.pdf
4/17/1979,4/17/1979,0,1,Record of Policy Actions (548 KB PDF),/monetarypolicy/files/fomcropa19790417.pdf
4/27/1979,4/27/1979,0,0,Transcript (535 KB PDF),/monetarypolicy/files/FOMC19790427confcall.pdf
5/22/1979,5/22/1979,0,1,Record of Policy Actions (529 KB PDF),/monetarypolicy/files/fomcropa19790522.pdf
6/27/1979,6/27/1979,0,0,Transcript (448 KB PDF),/monetarypolicy/files/FOMC19790627confcall.pdf
7/11/1979,7/11/1979,0,1,Record of Policy Actions (737 KB PDF),/monetarypolicy/files/fomcropa19790711.pdf
7/17/1979,7/17/1979,0,0,Transcript (752 KB PDF),/monetarypolicy/files/FOMC19790717confcall.pdf
7/19/1979,7/19/1979,0,0,Transcript (759 KB PDF),/monetarypolicy/files/FOMC19790719confcall.pdf
8/14/1979,8/14/1979,0,1,Record of Policy Actions (700 KB PDF),/monetarypolicy/files/fomcropa19790814.pdf
9/18/1979,9/18/1979,0,1,Record of Policy Actions (608 KB PDF),/monetarypolicy/files/fomcropa19790918.pdf
10/5/1979,10/5/1979,0,0,Transcript (370 KB PDF)Presentation materials (417 KB PDF),/monetarypolicy/files/FOMC19791005confcall.pdf
10/6/1979,10/6/1979,0,1,Record of Policy Actions (426 KB PDF),/monetarypolicy/files/fomcropa19791006.pdf
10/22/1979,10/22/1979,0,0,Transcript (661 KB PDF),/monetarypolicy/files/FOMC19791022confcall.pdf
11/20/1979,11/20/1979,0,1,Record of Policy Actions (573 KB PDF),/monetarypolicy/files/fomcropa19791120.pdf
1/8/1980,1/9/1980,0,1,Record of Policy Actions (471 KB PDF),/monetarypolicy/files/fomcropa19800109.pdf
2/4/1980,2/5/1980,0,1,Record of Policy Actions (646 KB PDF),/monetarypolicy/files/fomcropa19800205.pdf
2/22/1980,2/22/1980,0,0,"Record of Policy Actions: see March 18, 1980 Record",NA
3/7/1980,3/7/1980,0,0,"Record of Policy Actions: see February 4-5, 1980 Record",NA
3/18/1980,3/18/1980,0,1,Record of Policy Actions (718 KB PDF),/monetarypolicy/files/fomcropa19800318.pdf
4/22/1980,4/22/1980,0,1,Record of Policy Actions (507 KB PDF),/monetarypolicy/files/fomcropa19800422.pdf
4/29/1980,4/29/1980,0,0,Transcript (723 KB PDF),/monetarypolicy/files/FOMC19800429confcall.pdf
5/6/1980,5/6/1980,0,0,"Record of Policy Actions: see April 22, 1980 Record",NA
5/20/1980,5/20/1980,0,1,Record of Policy Actions (507 KB PDF),/monetarypolicy/files/fomcropa19800520.pdf
6/5/1980,6/5/1980,0,0,Transcript (715 KB PDF),/monetarypolicy/files/FOMC19800605confcall.pdf
7/9/1980,7/9/1980,0,1,Record of Policy Actions (684 KB PDF),/monetarypolicy/files/fomcropa19800709.pdf
7/25/1980,7/25/1980,0,0,Transcript (489 KB PDF),/monetarypolicy/files/FOMC19800725confcall.pdf
8/12/1980,8/12/1980,0,1,Record of Policy Actions (481 KB PDF),/monetarypolicy/files/fomcropa19800812.pdf
8/22/1980,8/22/1980,0,0,Transcript (635 KB PDF),/monetarypolicy/files/FOMC19800822confcall.pdf
9/16/1980,9/16/1980,0,1,Record of Policy Actions (446 KB PDF),/monetarypolicy/files/fomcropa19800916.pdf
10/21/1980,10/21/1980,0,1,Record of Policy Actions (531 KB PDF),/monetarypolicy/files/fomcropa19801021.pdf
11/18/1980,11/18/1980,0,1,Record of Policy Actions (648 KB PDF),/monetarypolicy/files/fomcropa19801118.pdf
11/26/1980,11/26/1980,0,0,"Record of Policy Actions: see November 18, 1980 Record",NA
12/5/1980,12/5/1980,0,0,"Record of Policy Actions: see November 18, 1980 Record",NA
12/12/1980,12/12/1980,0,0,"Record of Policy Actions: see November 18, 1980 Record",NA
12/18/1980,12/19/1980,0,1,Record of Policy Actions (569 KB PDF),/monetarypolicy/files/fomcropa19801219.pdf
2/2/1981,2/3/1981,0,1,Record of Policy Actions (711 KB PDF),/monetarypolicy/files/fomcropa19810203.pdf
2/24/1981,2/24/1981,0,0,"Record of Policy Actions: see February 2-3, 1981 Record",NA
3/31/1981,3/31/1981,0,1,Record of Policy Actions (767 KB PDF),/monetarypolicy/files/fomcropa19810331.pdf
4/28/1981,4/28/1981,0,0,Transcript (1.2 MB PDF),/monetarypolicy/files/FOMC19810428confcall.pdf
5/6/1981,5/6/1981,0,0,"Record of Policy Actions: see March 31, 1981 Record",NA
5/18/1981,5/18/1981,0,1,Record of Policy Actions (458 KB PDF),/monetarypolicy/files/fomcropa19810518.pdf
6/17/1981,6/17/1981,0,0,Transcript (424 KB PDF),/monetarypolicy/files/FOMC19810617confcall.pdf
7/6/1981,7/7/1981,0,1,Record of Policy Actions (652 KB PDF),/monetarypolicy/files/fomcropa19810707.pdf
7/17/1981,7/17/1981,0,0,Transcript (459 KB PDF),/monetarypolicy/files/FOMC19810717confcall.pdf
8/7/1981,8/7/1981,0,0,Minutes of Actions (37 KB PDF),/monetarypolicy/files/fomcmoa19810807.pdf
8/18/1981,8/18/1981,0,1,Record of Policy Actions (522 KB PDF),/monetarypolicy/files/fomcropa19810818.pdf
10/5/1981,10/6/1981,0,1,Record of Policy Actions (540 KB PDF),/monetarypolicy/files/fomcropa19811006.pdf
11/17/1981,11/17/1981,0,1,Record of Policy Actions (467 KB PDF),/monetarypolicy/files/fomcropa19811117.pdf
12/21/1981,12/22/1981,0,1,Record of Policy Actions (524 KB PDF),/monetarypolicy/files/fomcropa19811222.pdf
2/1/1982,2/2/1982,0,1,Record of Policy Actions (573 KB PDF),/monetarypolicy/files/fomcropa19820202.pdf
3/29/1982,3/30/1982,0,1,Record of Policy Actions (624 KB PDF),/monetarypolicy/files/fomcropa19820330.pdf
5/18/1982,5/18/1982,0,1,Record of Policy Actions (452 KB PDF),/monetarypolicy/files/fomcropa19820518.pdf
5/20/1982,5/20/1982,0,0,Transcript (61 KB PDF),/monetarypolicy/files/FOMC19820520confcall.pdf
6/30/1982,7/1/1982,0,1,Record of Policy Actions (792 KB PDF),/monetarypolicy/files/fomcropa19820701.pdf
7/15/1982,7/15/1982,0,0,"Record of Policy Actions: see June 30 - July 1, 1982 Record",NA
8/24/1982,8/24/1982,0,1,Record of Policy Actions (561 KB PDF),/monetarypolicy/files/fomcropa19820824.pdf
9/24/1982,9/24/1982,0,0,Transcript (457 KB PDF),/monetarypolicy/files/FOMC19820924confcall.pdf
10/5/1982,10/5/1982,0,1,Record of Policy Actions (572 KB PDF),/monetarypolicy/files/fomcropa19821005.pdf
11/16/1982,11/16/1982,0,1,Record of Policy Actions (541 KB PDF),/monetarypolicy/files/fomcropa19821116.pdf
12/20/1982,12/21/1982,0,1,Record of Policy Actions (639 KB PDF),/monetarypolicy/files/fomcropa19821221.pdf
1/14/1983,1/14/1983,0,0,Transcript (726 KB PDF),/monetarypolicy/files/FOMC19830114confcall.pdf
1/21/1983,1/21/1983,0,0,Transcript (145 KB PDF),/monetarypolicy/files/FOMC19830121confcall.pdf
1/28/1983,1/28/1983,0,0,"Record of Policy Actions: see December 21, 1982 Record",NA
2/8/1983,2/9/1983,0,1,Record of Policy Actions (856 KB PDF),/monetarypolicy/files/fomcropa19830209.pdf
3/28/1983,3/29/1983,0,1,Record of Policy Actions (829 KB PDF),/monetarypolicy/files/fomcropa19830329.pdf
4/29/1983,4/29/1983,0,0,Transcript (321 KB PDF),/monetarypolicy/files/FOMC19830429confcall.pdf
5/24/1983,5/24/1983,0,1,Record of Policy Actions (671 KB PDF),/monetarypolicy/files/fomcropa19830524.pdf
6/23/1983,6/23/1983,0,0,Transcript (303 KB PDF)Presentation materials (113 KB PDF),/monetarypolicy/files/FOMC19830623confcall.pdf
7/12/1983,7/13/1983,0,1,Record of Policy Actions (871 KB PDF),/monetarypolicy/files/fomcropa19830713.pdf
8/23/1983,8/23/1983,0,1,Record of Policy Actions (551 KB PDF),/monetarypolicy/files/fomcropa19830823.pdf
9/8/1983,9/8/1983,0,0,Transcript (83 KB PDF),/monetarypolicy/files/FOMC19830908confcall.pdf
10/4/1983,10/4/1983,0,1,Record of Policy Actions (572 KB PDF),/monetarypolicy/files/fomcropa19831004.pdf
11/14/1983,11/15/1983,0,1,Record of Policy Actions (614 KB PDF),/monetarypolicy/files/fomcropa19831115.pdf
12/19/1983,12/20/1983,0,1,Record of Policy Actions (762 KB PDF),/monetarypolicy/files/fomcropa19831220.pdf
1/30/1984,1/31/1984,0,1,Record of Policy Actions (778 KB PDF),/monetarypolicy/files/fomcropa19840131.pdf
3/20/1984,3/20/1984,0,0,"Record of Policy Actions: see January 31, 1984 Record",NA
3/26/1984,3/27/1984,0,1,Record of Policy Actions (665 KB PDF),/monetarypolicy/files/fomcropa19840327.pdf
5/21/1984,5/22/1984,0,1,Record of Policy Actions (541 KB PDF),/monetarypolicy/files/fomcropa19840522.pdf
7/16/1984,7/17/1984,0,1,Record of Policy Actions (816 KB PDF),/monetarypolicy/files/fomcropa19840717.pdf
8/21/1984,8/21/1984,0,1,Record of Policy Actions (584 KB PDF),/monetarypolicy/files/fomcropa19840821.pdf
10/2/1984,10/2/1984,0,1,Record of Policy Actions (548 KB PDF),/monetarypolicy/files/fomcropa19841002.pdf
11/7/1984,11/7/1984,0,1,Record of Policy Actions (737 KB PDF),/monetarypolicy/files/fomcropa19841107.pdf
12/17/1984,12/18/1984,0,1,Record of Policy Actions (696 KB PDF),/monetarypolicy/files/fomcropa19841218.pdf
1/18/1985,1/18/1985,0,0,Transcript (348 KB PDF),/monetarypolicy/files/FOMC19850118confcall.pdf
2/12/1985,2/13/1985,0,1,Record of Policy Actions (877 KB PDF),/monetarypolicy/files/fomcropa19850213.pdf
3/26/1985,3/26/1985,0,1,Record of Policy Actions (695 KB PDF),/monetarypolicy/files/fomcropa19850326.pdf
5/21/1985,5/21/1985,0,1,Record of Policy Actions (606 KB PDF),/monetarypolicy/files/fomcropa19850521.pdf
7/9/1985,7/10/1985,0,1,Record of Policy Actions (944 KB PDF),/monetarypolicy/files/fomcropa19850710.pdf
8/20/1985,8/20/1985,0,1,Record of Policy Actions (711 KB PDF),/monetarypolicy/files/fomcropa19850820.pdf
9/23/1985,9/23/1985,0,0,"Record of Policy Actions: see August 20, 1985 Record",NA
10/1/1985,10/1/1985,0,1,Record of Policy Actions (621 KB PDF),/monetarypolicy/files/fomcropa19851001.pdf
11/4/1985,11/5/1985,0,1,Record of Policy Actions (643 KB PDF),/monetarypolicy/files/fomcropa19851105.pdf
12/16/1985,12/17/1985,0,1,Record of Policy Actions (698 KB PDF),/monetarypolicy/files/fomcropa19851217.pdf
2/11/1986,2/12/1986,0,1,Record of Policy Actions (922 KB PDF),/monetarypolicy/files/fomcropa19860212.pdf
4/1/1986,4/1/1986,0,1,Record of Policy Actions (683 KB PDF),/monetarypolicy/files/fomcropa19860401.pdf
4/21/1986,4/21/1986,0,0,"Record of Policy Actions: see April 1, 1986 Record",NA
5/20/1986,5/20/1986,0,1,Record of Policy Actions (794 KB PDF),/monetarypolicy/files/fomcropa19860520.pdf
7/8/1986,7/9/1986,0,1,Record of Policy Actions (980 KB PDF),/monetarypolicy/files/fomcropa19860709.pdf
8/19/1986,8/19/1986,0,1,Record of Policy Actions (722 KB PDF),/monetarypolicy/files/fomcropa19860819.pdf
9/23/1986,9/23/1986,0,1,Record of Policy Actions (729 KB PDF),/monetarypolicy/files/fomcropa19860923.pdf
11/5/1986,11/5/1986,0,1,Record of Policy Actions (644 KB PDF),/monetarypolicy/files/fomcropa19861105.pdf
12/15/1986,12/16/1986,0,1,Record of Policy Actions (653 KB PDF),/monetarypolicy/files/fomcropa19861216.pdf
2/10/1987,2/11/1987,0,1,Record of Policy Actions (1.03 MB PDF),/monetarypolicy/files/fomcropa19870211.pdf
2/23/1987,2/23/1987,0,0,"Record of Policy Actions: see February 11, 1987 Record",NA
3/31/1987,3/31/1987,0,1,Record of Policy Actions (673 KB PDF),/monetarypolicy/files/fomcropa19870331.pdf
4/29/1987,4/29/1987,0,0,Transcript (427 KB PDF),/monetarypolicy/files/FOMC19870429confcall.pdf
5/19/1987,5/19/1987,0,1,Record of Policy Actions (682 KB PDF),/monetarypolicy/files/fomcropa19870519.pdf
7/7/1987,7/7/1987,0,1,Record of Policy Actions (1.02 MB PDF),/monetarypolicy/files/fomcropa19870707.pdf
8/18/1987,8/18/1987,0,1,Record of Policy Actions (812 KB PDF),/monetarypolicy/files/fomcropa19870818.pdf
9/22/1987,9/22/1987,0,1,Record of Policy Actions (740 KB PDF),/monetarypolicy/files/fomcropa19870922.pdf
10/19/1987,10/19/1987,0,0,"Record of Policy Actions: see September 22, 1987 Record",NA
10/20/1987,10/20/1987,0,0,"Record of Policy Actions: see September 22, 1987 Record",NA
10/21/1987,10/21/1987,NA,0,"Record of Policy Actions: see September 22, 1987 Record",NA
10/22/1987,10/22/1987,NA,0,"Record of Policy Actions: see September 22, 1987 Record",NA
10/23/1987,10/23/1987,NA,0,"Record of Policy Actions: see September 22, 1987 Record",NA
10/26/1987,10/26/1987,NA,0,"Record of Policy Actions: see September 22, 1987 Record",NA
10/27/1987,10/27/1987,NA,0,"Record of Policy Actions: see September 22, 1987 Record",NA
10/28/1987,10/28/1987,NA,0,"Record of Policy Actions: see September 22, 1987 Record",NA
10/29/1987,10/29/1987,NA,0,"Record of Policy Actions: see September 22, 1987 Record",NA
10/30/1987,10/30/1987,NA,0,"Record of Policy Actions: see September 22, 1987 Record",NA
11/3/1987,11/3/1987,0,1,Record of Policy Actions (902 KB PDF),/monetarypolicy/files/fomcropa19871103.pdf
12/15/1987,12/16/1987,0,1,Record of Policy Actions (1.02 MB PDF),/monetarypolicy/files/fomcropa19871216.pdf
1/5/1988,1/5/1988,0,0,"Record of Policy Actions: see December 15-16, 1987 Record",NA
2/9/1988,2/10/1988,0,1,Record of Policy Actions (964 KB PDF),/monetarypolicy/files/fomcropa19880210.pdf
3/29/1988,3/29/1988,0,1,Record of Policy Actions (735 KB PDF),/monetarypolicy/files/fomcropa19880329.pdf
5/17/1988,5/17/1988,0,1,Record of Policy Actions (690 KB PDF),/monetarypolicy/files/fomcropa19880517.pdf
6/29/1988,6/30/1988,0,1,Record of Policy Actions (1.01 MB PDF),/monetarypolicy/files/fomcropa19880630.pdf
7/19/1988,7/19/1988,0,0,Transcript (495 KB PDF)Presentation materials (82 KB PDF),/monetarypolicy/files/FOMC19880719confcall.pdf
8/16/1988,8/16/1988,0,1,Record of Policy Actions (686 KB PDF),/monetarypolicy/files/fomcropa19880816.pdf
9/20/1988,9/20/1988,0,1,Record of Policy Actions (523 KB PDF),/monetarypolicy/files/fomcropa19880920.pdf
10/17/1988,10/17/1988,0,0,Transcript (623 KB PDF)Presentation materials (132 KB PDF),/monetarypolicy/files/FOMC19881017confcall.pdf
11/1/1988,11/1/1988,0,1,Record of Policy Actions (676 KB PDF),/monetarypolicy/files/fomcropa19881101.pdf
11/22/1988,11/22/1988,0,0,Transcript (282 KB PDF),/monetarypolicy/files/FOMC19881122confcall.pdf
12/13/1988,12/14/1988,0,1,Record of Policy Actions (715 KB PDF),/monetarypolicy/files/fomcropa19881214.pdf
2/7/1989,2/8/1989,0,1,Record of Policy Actions (912 KB PDF),/monetarypolicy/files/fomcropa19890208.pdf
3/28/1989,3/28/1989,0,1,Record of Policy Actions (676 KB PDF),/monetarypolicy/files/fomcropa19890328.pdf
5/16/1989,5/16/1989,0,1,Record of Policy Actions (714 KB PDF),/monetarypolicy/files/fomcropa19890516.pdf
5/31/1989,5/31/1989,0,0,Transcript (218 KB PDF),/monetarypolicy/files/FOMC19890531confcall.pdf
6/5/1989,6/5/1989,0,0,Transcript (321 KB PDF),/monetarypolicy/files/FOMC19890605confcall.pdf
7/5/1989,7/6/1989,0,1,Record of Policy Actions (966 KB PDF),/monetarypolicy/files/fomcropa19890706.pdf
7/26/1989,7/26/1989,0,0,Transcript (117 KB PDF),/monetarypolicy/files/FOMC19890726confcall.pdf
8/22/1989,8/22/1989,0,1,Record of Policy Actions (766 KB PDF),/monetarypolicy/files/fomcropa19890822.pdf
10/3/1989,10/3/1989,0,1,Record of Policy Actions (703 KB PDF),/monetarypolicy/files/fomcropa19891003.pdf
10/16/1989,10/16/1989,0,0,Transcript (467 KB PDF),/monetarypolicy/files/FOMC19891016confcall.pdf
10/17/1989,10/17/1989,0,0,Transcript (372 KB PDF),/monetarypolicy/files/FOMC19891017confcall.pdf
10/18/1989,10/18/1989,0,0,Transcript (333 KB PDF),/monetarypolicy/files/FOMC19891018confcall.pdf
11/14/1989,11/14/1989,0,1,Record of Policy Actions (659 KB PDF),/monetarypolicy/files/fomcropa19891114.pdf
12/18/1989,12/19/1989,0,1,Record of Policy Actions (759 KB PDF),/monetarypolicy/files/fomcropa19891219.pdf
2/6/1990,2/7/1990,0,1,Record of Policy Actions (1.06 MB PDF),/monetarypolicy/files/fomcropa19900207.pdf
3/27/1990,3/27/1990,0,1,Record of Policy Actions (903 KB PDF),/monetarypolicy/files/fomcropa19900327.pdf
4/11/1990,4/11/1990,0,0,Transcript (434 KB PDF),/monetarypolicy/files/FOMC19900411confcall.pdf
5/15/1990,5/15/1990,0,1,Record of Policy Actions (694 KB PDF),/monetarypolicy/files/fomcropa19900515.pdf
7/2/1990,7/3/1990,0,1,Record of Policy Actions (1.02 MB PDF),/monetarypolicy/files/fomcropa19900703.pdf
8/21/1990,8/21/1990,0,1,Record of Policy Actions (773 KB PDF),/monetarypolicy/files/fomcropa19900821.pdf
9/7/1990,9/7/1990,0,0,Transcript (390 KB PDF),/monetarypolicy/files/FOMC19900907confcall.pdf
9/17/1990,9/17/1990,0,0,Transcript (744 KB PDF),/monetarypolicy/files/FOMC19900917confcall.pdf
10/2/1990,10/2/1990,0,1,Record of Policy Actions (891 KB PDF),/monetarypolicy/files/fomcropa19901002.pdf
11/13/1990,11/13/1990,0,1,Record of Policy Actions (743 KB PDF),/monetarypolicy/files/fomcropa19901113.pdf
12/7/1990,12/7/1990,0,0,Transcript (698 KB PDF),/monetarypolicy/files/FOMC19901207confcall.pdf
12/18/1990,12/18/1990,0,1,Record of Policy Actions (808 KB PDF),/monetarypolicy/files/fomcropa19901218.pdf
1/9/1991,1/9/1991,0,0,Transcript (583 KB PDF),/monetarypolicy/files/FOMC19910109confcall.pdf
2/1/1991,2/1/1991,0,0,Transcript (197 KB PDF),/monetarypolicy/files/FOMC19910201confcall.pdf
2/5/1991,2/6/1991,0,1,Record of Policy Actions (958 KB PDF),/monetarypolicy/files/fomcropa19910206.pdf
3/26/1991,3/26/1991,0,1,Record of Policy Actions (762 KB PDF),/monetarypolicy/files/fomcropa19910326.pdf
4/12/1991,4/12/1991,0,0,Transcript (612 KB PDF),/monetarypolicy/files/FOMC19910412confcall.pdf
4/30/1991,4/30/1991,0,0,Transcript (195 KB PDF),/monetarypolicy/files/FOMC19910430confcall.pdf
5/1/1991,5/1/1991,0,0,Transcript (369 KB PDF),/monetarypolicy/files/FOMC19910501confcall.pdf
5/14/1991,5/14/1991,0,1,Record of Policy Actions (800 KB PDF),/monetarypolicy/files/fomcropa19910514.pdf
6/10/1991,6/10/1991,0,0,Transcript (268 KB PDF),/monetarypolicy/files/FOMC19910610confcall.pdf
6/24/1991,6/24/1991,0,0,Transcript (440 KB PDF),/monetarypolicy/files/FOMC19910624confcall.pdf
7/2/1991,7/3/1991,0,1,Record of Policy Actions (1.03 MB PDF),/monetarypolicy/files/fomcropa19910703.pdf
8/5/1991,8/5/1991,0,0,Transcript (879 KB PDF),/monetarypolicy/files/FOMC19910805confcall.pdf
8/20/1991,8/20/1991,0,1,Record of Policy Actions (820 KB PDF),/monetarypolicy/files/fomcropa19910820.pdf
9/13/1991,9/13/1991,0,0,Transcript (187 KB PDF),/monetarypolicy/files/FOMC19910913confcall.pdf
10/1/1991,10/1/1991,0,1,Record of Policy Actions (728 KB PDF),/monetarypolicy/files/fomcropa19911001.pdf
10/30/1991,10/30/1991,0,0,Transcript (752 KB PDF),/monetarypolicy/files/FOMC19911030confcall.pdf
11/5/1991,11/5/1991,0,1,Record of Policy Actions (808 KB PDF),/monetarypolicy/files/fomcropa19911105.pdf
12/2/1991,12/2/1991,0,0,Transcript (672 KB PDF),/monetarypolicy/files/FOMC19911202confcall.pdf
12/17/1991,12/17/1991,0,1,Record of Policy Actions (847 KB PDF),/monetarypolicy/files/fomcropa19911217.pdf
1/9/1992,1/9/1992,0,0,Transcript (716 KB PDF),/monetarypolicy/files/FOMC19920109confcall.pdf
2/4/1992,2/5/1992,0,1,Record of Policy Actions (1.07 MB PDF),/monetarypolicy/files/fomcropa19920205.pdf
3/11/1992,3/11/1992,0,0,Transcript (965 KB PDF),/monetarypolicy/files/FOMC19920311confcall.pdf
3/31/1992,3/31/1992,0,1,Record of Policy Actions (783 KB PDF),/monetarypolicy/files/fomcropa19920331.pdf
5/19/1992,5/19/1992,0,1,Record of Policy Actions (748 KB PDF),/monetarypolicy/files/fomcropa19920519.pdf
6/30/1992,7/1/1992,0,1,Record of Policy Actions (995 KB PDF),/monetarypolicy/files/fomcropa19920701.pdf
7/2/1992,7/2/1992,0,0,Transcript (121 KB PDF),/monetarypolicy/files/FOMC19920702confcall.pdf
8/18/1992,8/18/1992,0,1,Record of Policy Actions (754 KB PDF),/monetarypolicy/files/fomcropa19920818.pdf
10/6/1992,10/6/1992,0,1,Record of Policy Actions (742 KB PDF),/monetarypolicy/files/fomcropa19921006.pdf
11/17/1992,11/17/1992,0,1,Record of Policy Actions (826 KB PDF),/monetarypolicy/files/fomcropa19921117.pdf
12/14/1992,12/14/1992,0,0,Transcript (310 KB PDF),/monetarypolicy/files/FOMC19921214confcall.pdf
12/22/1992,12/22/1992,0,1,Record of Policy Actions (742 KB PDF),/monetarypolicy/files/fomcropa19921222.pdf
1/6/1993,1/6/1993,0,0,Transcript (614 KB PDF)Presentation materials (414 KB PDF),/monetarypolicy/files/FOMC19930106confcall.pdf
2/2/1993,2/3/1993,0,1,Minutes,/fomc/MINUTES/1993/19930203min.htm
2/18/1993,2/18/1993,0,0,Transcript (989 KB PDF),/monetarypolicy/files/FOMC19930218confcall.pdf
3/1/1993,3/1/1993,0,0,Transcript (328 KB PDF),/monetarypolicy/files/FOMC19930301confcall.pdf
3/23/1993,3/23/1993,0,1,Minutes,/fomc/MINUTES/1993/19930323min.htm
5/18/1993,5/18/1993,0,1,Minutes,http://www.federalreserve.gov/fomc/MINUTES/1993/19930518min.htm
7/6/1993,7/7/1993,0,1,Minutes,/fomc/MINUTES/1993/19930707min.htm
8/17/1993,8/17/1993,0,1,Minutes,/fomc/MINUTES/1993/19930817min.htm
9/21/1993,9/21/1993,0,1,Minutes,/fomc/MINUTES/1993/19930921min.htm
10/5/1993,10/5/1993,0,0,Transcript (977 KB PDF)Presentation materials (74 KB PDF),/monetarypolicy/files/FOMC19931005confcall.pdf
10/15/1993,10/15/1993,0,0,Transcript (1.69 MB PDF),/monetarypolicy/files/FOMC19931015confcall.pdf
10/22/1993,10/22/1993,0,0,Transcript (755 KB PDF)Presentation materials (95 KB PDF),/monetarypolicy/files/FOMC19931022confcall.pdf
11/9/1993,11/9/1993,0,0,Transcript (932 KB PDF),/monetarypolicy/files/FOMC19931109confcall.pdf
11/10/1993,11/10/1993,0,0,Transcript (466 KB PDF),/monetarypolicy/files/FOMC19931110confcall.pdf
11/16/1993,11/16/1993,0,1,Minutes,/fomc/MINUTES/1993/19931116min.htm
12/21/1993,12/21/1993,0,1,Minutes,/fomc/MINUTES/1993/19931221min.htm
2/3/1994,2/4/1994,0,1,Statement,/fomc/19940204default.htm
2/28/1994,2/28/1994,0,0,Transcript (943 KB PDF),/monetarypolicy/files/FOMC19940228confcall.pdf
3/22/1994,3/22/1994,0,1,Statement,/fomc/19940322default.htm
3/24/1994,3/24/1994,0,0,Transcript (279 KB PDF),/monetarypolicy/files/FOMC19940324confcall.pdf
4/18/1994,4/18/1994,0,0,Statement,/fomc/19940418default.htm
5/17/1994,5/17/1994,0,1,Statement,/fomc/19940517default.htm
7/5/1994,7/6/1994,0,1,Minutes,/fomc/MINUTES/1994/19940706min.htm
7/20/1994,7/20/1994,0,0,Transcript (934 KB PDF),/monetarypolicy/files/FOMC19940720confcall.pdf
8/16/1994,8/16/1994,0,1,Statement,/fomc/19940816default.htm
9/27/1994,9/27/1994,0,1,Minutes,/fomc/MINUTES/1994/19940927min.htm
11/15/1994,11/15/1994,0,1,Statement,/fomc/19941115default.htm
12/20/1994,12/20/1994,0,1,Minutes,/fomc/MINUTES/1994/19941220min.htm
12/30/1994,12/30/1994,0,0,Minutes,http://www.federalreserve.gov/fomc/minutes/1994/19941220min.htm#december30
1/13/1995,1/13/1995,0,0,Transcript (611 KB PDF),/monetarypolicy/files/FOMC19950113confcall.pdf
1/31/1995,2/1/1995,0,1,Statement,/fomc/19950201default.htm
3/10/1995,3/10/1995,0,0,Transcript (967 KB PDF),/monetarypolicy/files/FOMC19950310confcall.pdf
3/28/1995,3/28/1995,0,1,Minutes,/fomc/MINUTES/1995/19950328min.htm
4/28/1995,4/28/1995,0,0,Transcript (579 KB PDF),/monetarypolicy/files/FOMC19950428confcall.pdf
5/23/1995,5/23/1995,0,1,Minutes,/fomc/MINUTES/1995/19950523min.htm
7/5/1995,7/6/1995,0,1,Statement,/fomc/19950706default.htm
8/22/1995,8/22/1995,0,1,Minutes,/fomc/MINUTES/1995/19950822min.htm
9/26/1995,9/26/1995,0,1,Minutes,/fomc/MINUTES/1995/19950926min.htm
11/15/1995,11/15/1995,0,1,Minutes,/fomc/MINUTES/1995/19951115min.htm
12/19/1995,12/19/1995,0,1,Statement,/fomc/19951219default.htm
1/30/1996,1/31/1996,0,1,Statement,/fomc/19960131DEFAULT.htm
3/26/1996,3/26/1996,0,1,Minutes,/fomc/minutes/19960326.htm
5/21/1996,5/21/1996,0,1,Minutes,/fomc/minutes/19960521.htm
7/2/1996,7/3/1996,0,1,Minutes,/fomc/minutes/19960702.htm
8/20/1996,8/20/1996,0,1,Minutes,/fomc/minutes/19960820.htm
9/24/1996,9/24/1996,0,1,Minutes,/fomc/minutes/19960924.htm
11/13/1996,11/13/1996,0,1,Minutes,/fomc/minutes/19961113.htm
12/17/1996,12/17/1996,0,1,Minutes,/fomc/minutes/19961217.htm
2/4/1997,2/5/1997,0,1,Minutes,/fomc/minutes/19970204.htm
3/25/1997,3/25/1997,0,1,Statement,/boarddocs/press/general/1997/19970325/
5/20/1997,5/20/1997,0,1,Minutes,/fomc/minutes/19970520.htm
7/1/1997,7/2/1997,0,1,Minutes,/fomc/minutes/19970701.htm
8/19/1997,8/19/1997,0,1,Minutes,/fomc/minutes/19970819.htm
9/30/1997,9/30/1997,0,1,Minutes,/fomc/minutes/19970930.htm
11/12/1997,11/12/1997,0,1,Minutes,/fomc/minutes/19971112.htm
12/16/1997,12/16/1997,0,1,Minutes,/fomc/minutes/19971216.htm
2/3/1998,2/4/1998,0,1,Minutes,/fomc/minutes/19980203.htm
3/31/1998,3/31/1998,0,1,Minutes,/fomc/minutes/19980331.htm
5/19/1998,5/19/1998,0,1,Minutes,/fomc/minutes/19980519.htm
6/30/1998,7/1/1998,0,1,Minutes,/fomc/minutes/19980630.htm
8/18/1998,8/18/1998,0,1,Minutes,/fomc/minutes/19980818.htm
9/21/1998,9/21/1998,0,0,Transcript (582 KB PDF),/monetarypolicy/files/FOMC19980921confcall.pdf
9/29/1998,9/29/1998,0,1,Statement,/boarddocs/press/general/1998/19980929/
10/15/1998,10/15/1998,0,0,Statement,/boarddocs/press/general/1998/19981015/
11/17/1998,11/17/1998,0,1,Statement,/boarddocs/press/general/1998/19981117/
12/22/1998,12/22/1998,0,1,Minutes,/fomc/minutes/19981222.htm
2/2/1999,2/3/1999,0,1,Minutes,/fomc/minutes/19990202.htm
3/30/1999,3/30/1999,0,1,Minutes,/fomc/minutes/19990330.htm
5/18/1999,5/18/1999,0,1,Statement,/boarddocs/press/general/1999/19990518/
6/29/1999,6/30/1999,0,1,Statement,/boarddocs/press/general/1999/19990630/
8/24/1999,8/24/1999,0,1,Statement,/boarddocs/press/general/1999/19990824/
10/5/1999,10/5/1999,0,1,Statement,/boarddocs/press/general/1999/19991005/
11/16/1999,11/16/1999,0,1,Statement,/boarddocs/press/general/1999/19991116/
12/21/1999,12/21/1999,0,1,Statement,/boarddocs/press/general/1999/19991221/
2/1/2000,2/2/2000,0,1,Statement,/boarddocs/press/general/2000/20000202/
3/21/2000,3/21/2000,0,1,Statement,/boarddocs/press/general/2000/20000321/
5/16/2000,5/16/2000,0,1,Statement,/boarddocs/press/general/2000/20000516/
6/27/2000,6/28/2000,0,1,Statement,/boarddocs/press/general/2000/20000628/
8/22/2000,8/22/2000,0,1,Statement,/boarddocs/press/general/2000/20000822/
10/3/2000,10/3/2000,0,1,Statement,/boarddocs/press/general/2000/20001003/
11/15/2000,11/15/2000,0,1,Statement,/boarddocs/press/general/2000/20001115/
12/19/2000,12/19/2000,0,1,Statement,/boarddocs/press/general/2000/20001219/
1/3/2001,1/3/2001,0,0,Statement,/boarddocs/press/general/2001/20010103/
1/30/2001,1/31/2001,0,1,Statement,/boarddocs/press/general/2001/20010131/
3/20/2001,3/20/2001,0,1,Statement,/boarddocs/press/general/2001/20010320/
4/11/2001,4/11/2001,0,0,Minutes,/fomc/minutes/20010320.htm#Min_20010418
4/18/2001,4/18/2001,0,0,Statement,/boarddocs/press/general/2001/20010418/
5/15/2001,5/15/2001,0,1,Statement,/boarddocs/press/general/2001/20010515/
6/26/2001,6/27/2001,0,1,Statement,/boarddocs/press/general/2001/20010627/
8/21/2001,8/21/2001,0,1,Statement,/boarddocs/press/general/2001/20010821/
9/13/2001,9/13/2001,0,0,Minutes,/fomc/minutes/20010821.htm#Min_20010913
9/17/2001,9/17/2001,0,0,Statement,/boarddocs/press/general/2001/20010917/
10/2/2001,10/2/2001,0,1,Statement,/boarddocs/press/general/2001/20011002/
11/6/2001,11/6/2001,0,1,Statement,/boarddocs/press/general/2001/20011106/
12/11/2001,12/11/2001,0,1,Statement,/boarddocs/press/general/2001/20011211/
1/29/2002,1/30/2002,0,1,Statement,/boarddocs/press/general/2002/20020130/
3/19/2002,3/19/2002,0,1,Statement,/boarddocs/press/general/2002/20020319/
5/7/2002,5/7/2002,0,1,Statement,/boarddocs/press/monetary/2002/20020507/
6/25/2002,6/26/2002,0,1,Statement,/boarddocs/press/monetary/2002/20020626/
8/13/2002,8/13/2002,0,1,Statement,/boarddocs/press/monetary/2002/20020813/
9/24/2002,9/24/2002,0,1,Statement,/boarddocs/press/monetary/2002/20020924/
11/6/2002,11/6/2002,0,1,Statement,/boarddocs/press/monetary/2002/20021106/
12/10/2002,12/10/2002,0,1,Statement,/boarddocs/press/monetary/2002/20021210/
1/28/2003,1/29/2003,0,1,2003 Memos,/monetarypolicy/fomc-memos.htm#m2003
3/18/2003,3/18/2003,0,1,2003 Memos,/monetarypolicy/fomc-memos.htm#m2003
3/25/2003,3/25/2003,0,0,Minutes,http://www.federalreserve.gov/fomc/minutes/20030318.htm#March2003minutes
4/1/2003,4/1/2003,0,0,Minutes,http://www.federalreserve.gov/fomc/minutes/20030318.htm#March2003minutes
4/8/2003,4/8/2003,0,0,Minutes,http://www.federalreserve.gov/fomc/minutes/20030318.htm#March2003minutes
4/16/2003,4/16/2003,0,0,Minutes,http://www.federalreserve.gov/fomc/minutes/20030318.htm#March2003minutes
5/6/2003,5/6/2003,0,1,2003 Memos,/monetarypolicy/fomc-memos.htm#m2003
6/24/2003,6/25/2003,0,1,2003 Memos,/monetarypolicy/fomc-memos.htm#m2003
8/12/2003,8/12/2003,0,1,2003 Memos,/monetarypolicy/fomc-memos.htm#m2003
9/15/2003,9/15/2003,0,0,2003 Memos,/monetarypolicy/fomc-memos.htm#m2003
9/16/2003,9/16/2003,0,1,2003 Memos,/monetarypolicy/fomc-memos.htm#m2003
10/28/2003,10/28/2003,0,1,2003 Memos,/monetarypolicy/fomc-memos.htm#m2003
12/9/2003,12/9/2003,0,1,2003 Memos,/monetarypolicy/fomc-memos.htm#m2003
1/27/2004,1/28/2004,0,1,Statement,/boarddocs/press/monetary/2004/20040128/default.htm
3/16/2004,3/16/2004,0,1,Statement,/boarddocs/press/monetary/2004/20040316/default.htm
5/4/2004,5/4/2004,0,1,Statement,/boarddocs/press/monetary/2004/20040504/default.htm
6/29/2004,6/30/2004,0,1,Statement,/boarddocs/press/monetary/2004/20040630/default.htm
8/10/2004,8/10/2004,0,1,Statement,/boarddocs/press/monetary/2004/20040810/default.htm
9/21/2004,9/21/2004,0,1,Statement,/boarddocs/press/monetary/2004/20040921/default.htm
11/10/2004,11/10/2004,0,1,Statement,/boarddocs/press/monetary/2004/20041110/default.htm
12/14/2004,12/14/2004,0,1,Statement,/boarddocs/press/monetary/2004/20041214/default.htm
2/1/2005,2/2/2005,0,1,Statement,/boarddocs/press/monetary/2005/20050202/default.htm
3/22/2005,3/22/2005,0,1,Statement,/boarddocs/press/monetary/2005/20050322/default.htm
5/3/2005,5/3/2005,0,1,Statement,/boarddocs/press/monetary/2005/20050503/default.htm
6/29/2005,6/30/2005,0,1,Statement,/boarddocs/press/monetary/2005/20050630/default.htm
8/9/2005,8/9/2005,0,1,Statement,/boarddocs/press/monetary/2005/20050809/default.htm
9/20/2005,9/20/2005,0,1,Statement,/boarddocs/press/monetary/2005/20050920/
11/1/2005,11/1/2005,0,1,Statement,/boarddocs/press/monetary/2005/20051101/
12/13/2005,12/13/2005,0,1,Statement,/boarddocs/press/monetary/2005/20051213/
1/31/2006,1/31/2006,0,1,Statement,/newsevents/press/monetary/20060131a.htm
3/27/2006,3/28/2006,0,1,Statement,/newsevents/press/monetary/20060328a.htm
5/10/2006,5/10/2006,0,1,Statement,/newsevents/press/monetary/20060510a.htm
6/28/2006,6/29/2006,0,1,Statement,/newsevents/press/monetary/20060629a.htm
8/8/2006,8/8/2006,0,1,Statement,/newsevents/press/monetary/20060808a.htm
9/20/2006,9/20/2006,0,1,Statement,/newsevents/press/monetary/20060920a.htm
10/24/2006,10/25/2006,0,1,Statement,/newsevents/press/monetary/20061025a.htm
12/12/2006,12/12/2006,0,1,Statement,/newsevents/press/monetary/20061212a.htm
1/30/2007,1/31/2007,0,1,Statement,/newsevents/press/monetary/20070131a.htm
3/20/2007,3/21/2007,0,1,Statement,/newsevents/press/monetary/20070321a.htm
5/9/2007,5/9/2007,0,1,Statement,/newsevents/press/monetary/20070509a.htm
6/27/2007,6/28/2007,0,1,Statement,/newsevents/press/monetary/20070618a.htm
8/7/2007,8/7/2007,0,1,Statement,/newsevents/press/monetary/20070807a.htm
8/10/2007,8/10/2007,0,0,Statement,/newsevents/press/monetary/20070810a.htm
8/16/2007,8/16/2007,0,0,Statement,/newsevents/press/monetary/20070817b.htm
9/18/2007,9/18/2007,0,1,Statement,/newsevents/press/monetary/20070918a.htm
10/30/2007,10/31/2007,0,1,Statement,/newsevents/press/monetary/20071031a.htm
12/6/2007,12/6/2007,0,0,Minutes: See end of minutes of December 11 meeting,NA
12/11/2007,12/11/2007,0,1,Statement,/newsevents/press/monetary/20071211a.htm
1/9/2008,1/9/2008,0,0,Minutes: See end of minutes of January 29/30 meeting,NA
1/21/2008,1/21/2008,0,0,Statement,/newsevents/press/monetary/20080122b.htm
1/29/2008,1/30/2008,0,1,2008 Memos,/monetarypolicy/fomc-memos.htm#m2008
3/10/2008,3/10/2008,0,0,Statement,/newsevents/press/monetary/20080311a.htm
3/18/2008,3/18/2008,0,1,2008 Memos,/monetarypolicy/fomc-memos.htm#m2008
4/29/2008,4/30/2008,0,1,2008 Memos,/monetarypolicy/fomc-memos.htm#m2008
6/24/2008,6/25/2008,0,1,2008 Memos,/monetarypolicy/fomc-memos.htm#m2008
7/24/2008,7/24/2008,0,0,Minutes: See end of minutes of August 5 meeting,NA
8/5/2008,8/5/2008,0,1,2008 Memos,/monetarypolicy/fomc-memos.htm#m2008
9/16/2008,9/16/2008,0,1,2008 Memos,/monetarypolicy/fomc-memos.htm#m2008
9/29/2008,9/29/2008,0,0,Minutes: See end of minutes of October 28/29 meeting,NA
10/7/2008,10/7/2008,0,0,Statement,/newsevents/press/monetary/20081008a.htm
10/28/2008,10/29/2008,0,1,2008 Memos,/monetarypolicy/fomc-memos.htm#m2008
12/15/2008,12/16/2008,0,1,2008 Memos,/monetarypolicy/fomc-memos.htm#m2008
1/16/2009,1/16/2009,0,0,Minutes: See end of minutes of January 27/28 meeting,NA
1/27/2009,1/28/2009,0,1,2009 Memos,/monetarypolicy/fomc-memos.htm#m2009
2/7/2009,2/7/2009,0,0,Minutes: See end of minutes of March 17/18 meeting,NA
3/17/2009,3/18/2009,0,1,2009 Memos,/monetarypolicy/fomc-memos.htm#m2009
4/28/2009,4/29/2009,0,1,2009 Memos,/monetarypolicy/fomc-memos.htm#m2009
6/3/2009,6/3/2009,0,0,Minutes: See end of minutes of June 23/24 meeting,NA
6/23/2009,6/24/2009,0,1,2009 Memos,/monetarypolicy/fomc-memos.htm#m2009
8/11/2009,8/12/2009,0,1,2009 Memos,/monetarypolicy/fomc-memos.htm#m2009
9/22/2009,9/23/2009,0,1,2009 Memos,/monetarypolicy/fomc-memos.htm#m2009
11/3/2009,11/4/2009,0,1,2009 Memos,/monetarypolicy/fomc-memos.htm#m2009
12/15/2009,12/16/2009,0,1,2009 Memos,/monetarypolicy/fomc-memos.htm#m2009
1/26/2010,1/27/2010,0,1,2010 Memos,/monetarypolicy/fomc-memos.htm#m2010
3/16/2010,3/16/2010,0,1,2010 Memos,/monetarypolicy/fomc-memos.htm#m2010
4/27/2010,4/28/2010,0,1,2010 Memos,/monetarypolicy/fomc-memos.htm#m2010
5/9/2010,5/9/2010,0,0,Statement,/newsevents/press/monetary/20100509a.htm
6/22/2010,6/23/2010,0,1,2010 Memos,/monetarypolicy/fomc-memos.htm#m2010
8/10/2010,8/10/2010,0,1,2010 Memos,/monetarypolicy/fomc-memos.htm#m2010
9/21/2010,9/21/2010,0,1,2010 Memos,/monetarypolicy/fomc-memos.htm#m2010
10/15/2010,10/15/2010,0,0,Minutes: See end of minutes of November 2/3 meeting,NA
11/2/2010,11/3/2010,0,1,2010 Memos,/monetarypolicy/fomc-memos.htm#m2010
12/14/2010,12/14/2010,0,1,2010 Memos,/monetarypolicy/fomc-memos.htm#m2010
1/25/2011,1/26/2011,0,1,Statement,/newsevents/press/monetary/20110126a.htm
3/15/2011,3/15/2011,0,1,Statement,/newsevents/press/monetary/20110315a.htm
4/26/2011,4/27/2011,0,1,Statement,/newsevents/press/monetary/20110427a.htm
6/21/2011,6/22/2011,0,1,Statement,/newsevents/press/monetary/20110622a.htm
8/1/2011,8/1/2011,0,0,NA,NA
8/9/2011,8/9/2011,0,1,Statement,/newsevents/press/monetary/20110809a.htm
9/20/2011,9/21/2011,0,1,Statement,/newsevents/press/monetary/20110921a.htm
11/1/2011,11/2/2011,0,1,Statement,/newsevents/press/monetary/20111102a.htm
11/28/2011,11/28/2011,0,0,NA,NA
12/13/2011,12/13/2011,0,1,Statement,/newsevents/press/monetary/20111213a.htm
1/24/2012,1/25/2012,1,1,Statement,/newsevents/press/monetary/20120125a.htm
3/13/2012,3/13/2012,0,1,Statement,/newsevents/press/monetary/20120313a.htm
4/24/2012,4/25/2012,1,1,Statement,/newsevents/press/monetary/20120425a.htm
6/19/2012,6/20/2012,1,1,Statement,/newsevents/press/monetary/20120620a.htm
7/31/2012,8/1/2012,0,1,Statement,/newsevents/press/monetary/20120801a.htm
9/12/2012,9/13/2012,1,1,Statement,/newsevents/press/monetary/20120913a.htm
10/23/2012,10/24/2012,0,1,Statement,/newsevents/press/monetary/20121024a.htm
12/11/2012,12/12/2012,1,1,Statement,/newsevents/press/monetary/20121212a.htm
1/29/2013,1/30/2013,0,1,Statement,/newsevents/press/monetary/20130130a.htm
3/19/2013,3/20/2013,1,1,Statement,/newsevents/press/monetary/20130320a.htm
4/30/2013,5/1/2013,0,1,Statement,/newsevents/press/monetary/20130501a.htm
6/18/2013,6/19/2013,1,1,Statement,/newsevents/press/monetary/20130619a.htm
7/30/2013,7/31/2013,0,1,Statement,/newsevents/press/monetary/20130731a.htm
9/17/2013,9/18/2013,1,1,Statement,/newsevents/press/monetary/20130918a.htm
10/16/2013,10/16/2013,0,0,NA,NA
10/29/2013,10/30/2013,0,1,Statement,/newsevents/press/monetary/20131030a.htm
12/17/2013,12/18/2013,1,1,Statement,/newsevents/press/monetary/20131218a.htm
1/28/2014,1/29/2014,0,1,Statement,/newsevents/press/monetary/20140129a.htm
3/4/2014,3/4/2014,0,0,NA,NA
3/18/2014,3/19/2014,1,1,Statement,/newsevents/press/monetary/20140319a.htm
4/29/2014,4/30/2014,0,1,Statement,/newsevents/press/monetary/20140430a.htm
6/17/2014,6/18/2014,1,1,Statement,/newsevents/press/monetary/20140618a.htm
7/29/2014,7/30/2014,0,1,Statement,/newsevents/press/monetary/20140730a.htm
9/16/2014,9/17/2014,1,1,Statement,/newsevents/press/monetary/20140917a.htm
10/28/2014,10/29/2014,0,1,Statement,/newsevents/press/monetary/20141029a.htm
12/16/2014,12/17/2014,1,1,Statement,/newsevents/press/monetary/20141217a.htm
1/27/2015,1/28/2015,0,1,Statement,/newsevents/press/monetary/20150128a.htm
3/17/2015,3/18/2015,1,1,Statement,/newsevents/press/monetary/20150318a.htm
4/28/2015,4/29/2015,0,1,Statement,/newsevents/press/monetary/20150429a.htm
6/16/2015,6/17/2015,1,1,Statement,/newsevents/press/monetary/20150617a.htm
7/28/2015,7/29/2015,0,1,Statement,/newsevents/press/monetary/20150729a.htm
9/16/2015,9/17/2015,1,1,Statement,/newsevents/press/monetary/20150917a.htm
10/27/2015,10/28/2015,0,1,Statement,/newsevents/press/monetary/20151028a.htm
12/15/2015,12/16/2015,1,1,Statement,/monetarypolicy/files/monetary20151216a1.pdf
1/26/2016,1/27/2016,0,1,Statement,/monetarypolicy/files/monetary20160127a1.pdf
3/15/2016,3/16/2016,1,1,Statement,/monetarypolicy/files/monetary20160316a1.pdf
4/26/2016,4/27/2016,0,1,Statement,/monetarypolicy/files/monetary20160427a1.pdf
6/14/2016,6/15/2016,1,1,Statement,https://www.federalreserve.gov/monetarypolicy/files/monetary20160615a1.pdf
7/26/2016,7/27/2016,0,1,Statement,https://www.federalreserve.gov/monetarypolicy/files/monetary20160727a1.pdf
9/20/2016,9/21/2016,1,1,Statement,https://www.federalreserve.gov/monetarypolicy/files/monetary20160921a1.pdf
11/1/2016,11/2/2016,0,1,Statement,https://www.federalreserve.gov/monetarypolicy/files/monetary20161102a1.pdf
12/13/2016,12/14/2016,1,1,Statement,https://www.federalreserve.gov/monetarypolicy/files/monetary20161214a1.pdf
1/31/2017,2/1/2017,0,1,Statement,https://www.federalreserve.gov/monetarypolicy/files/monetary20170201a1.pdf
3/14/2017,3/15/2017,1,1,Statement,https://www.federalreserve.gov/monetarypolicy/files/monetary20170315a1.pdf
5/2/2017,5/3/2017,0,1,Statement,https://www.federalreserve.gov/monetarypolicy/files/monetary20170503a1.pdf
6/13/2017,6/14/2017,1,1,Statement,https://www.federalreserve.gov/monetarypolicy/files/monetary20170614a1.pdf
7/25/2017,7/26/2017,0,1,Statement,https://www.federalreserve.gov/monetarypolicy/files/monetary20170726a1.pdf
9/19/2017,9/20/2017,1,1,Statement,https://www.federalreserve.gov/monetarypolicy/files/monetary20170920a1.pdf
10/31/2017,11/1/2017,0,1,Statement,https://www.federalreserve.gov/monetarypolicy/files/monetary20171101a1.pdf
12/12/2017,12/13/2017,1,1,Statement,https://www.federalreserve.gov/monetarypolicy/files/monetary20171213a1.pdf
1/30/2018,1/31/2018,0,1,Statement,https://www.federalreserve.gov/monetarypolicy/files/monetary20180131a1.pdf
3/20/2018,3/21/2018,1,1,Statement,https://www.federalreserve.gov/monetarypolicy/files/monetary20180321a1.pdf
5/1/2018,5/2/2018,0,1,Statement,https://www.federalreserve.gov/monetarypolicy/files/monetary20180502a1.pdf
6/12/2018,6/13/2018,1,1,Statement,https://www.federalreserve.gov/monetarypolicy/files/monetary20180613a1.pdf
7/31/2018,8/1/2018,0,1,,
